10000,100,1e-07
10000,110,1e-07
10000,120,1e-07
10000,130,1e-07
10000,140,1e-07
10000,150,1e-07
10000,160,1
10000,170,1
10000,180,1
10000,190,1
10000,200,1
10000,210,1
10000,220,1
10000,230,1
10000,240,1
10000,250,1
10000,260,1
10000,270,1
10000,280,1
10000,290,1
10000,300,1
10000,310,1
10000,320,1
10000,330,1
10000,340,1
10000,350,1
10000,360,1
10000,370,1
10000,380,1
10000,390,1
10000,400,1
10000,410,1
10000,420,1
10000,430,1
10000,440,1
10000,450,1
10000,460,1
10000,470,1
10000,480,1
10000,490,1
10000,500,1
10000,510,1
10000,520,1
10000,530,1
10000,540,1
10000,550,1
10000,560,1
10000,570,1
10000,580,1
10000,590,1
110000,100,1e-07
110000,110,1e-07
110000,120,1e-07
110000,130,1e-07
110000,140,1e-07
110000,150,1e-07
110000,160,1e-07
110000,170,1e-07
110000,180,1e-07
110000,190,1e-08
110000,200,0.700001
110000,210,0.700005
110000,220,0.700018
110000,230,0.700059
110000,240,0.700172
110000,250,0.700454
110000,260,0.701099
110000,270,0.702475
110000,280,1
110000,290,1
110000,300,1
110000,310,1
110000,320,1
110000,330,1
110000,340,1
110000,350,1
110000,360,1
110000,370,1
110000,380,1
110000,390,1
110000,400,1
110000,410,1
110000,420,1
110000,430,1
110000,440,1
110000,450,1
110000,460,1
110000,470,1
110000,480,1
110000,490,1
110000,500,1
110000,510,1
110000,520,1
110000,530,1
110000,540,1
110000,550,1
110000,560,1
110000,570,1
110000,580,1
110000,590,1
210000,100,1e-07
210000,110,1e-07
210000,120,1e-07
210000,130,1e-07
210000,140,1e-07
210000,150,1e-07
210000,160,1e-07
210000,170,1e-07
210000,180,1e-07
210000,190,1e-07
210000,200,1e-08
210000,210,0.700002
210000,220,0.700009
210000,230,0.700031
210000,240,0.700091
210000,250,0.70024
210000,260,0.700583
210000,270,0.70131
210000,280,0.702762
210000,290,0.705498
210000,300,0.71042
210000,310,0.718938
210000,320,0.733252
210000,330,0.756877
210000,340,0.795716
210000,350,0.860566
210000,360,1
210000,370,1
210000,380,1
210000,390,1
210000,400,1
210000,410,1
210000,420,1
210000,430,1
210000,440,1
210000,450,1
210000,460,1
210000,470,1
210000,480,1
210000,490,1
210000,500,1
210000,510,1
210000,520,1
210000,530,1
210000,540,1
210000,550,1
210000,560,1
210000,570,1
210000,580,1
210000,590,1
310000,100,1e-07
310000,110,1e-07
310000,120,1e-07
310000,130,1e-07
310000,140,1e-07
310000,150,1e-07
310000,160,1e-07
310000,170,1e-07
310000,180,1e-07
310000,190,1e-07
310000,200,1e-07
310000,210,1e-08
310000,220,0.700005
310000,230,0.70002
310000,240,0.700061
310000,250,0.700164
310000,260,0.700399
310000,270,0.700897
310000,280,0.70189
310000,290,0.703757
310000,300,0.7071
310000,310,0.712846
310000,320,0.722397
310000,330,0.737887
310000,340,0.762648
310000,350,0.802157
310000,360,0.866189
310000,370,1
310000,380,1
310000,390,1
310000,400,1
310000,410,1
310000,420,1
310000,430,1
310000,440,1
310000,450,1
310000,460,1
310000,470,1
310000,480,1
310000,490,1
310000,500,1
310000,510,1
310000,520,1
310000,530,1
310000,540,1
310000,550,1
310000,560,1
310000,570,1
310000,580,1
310000,590,1
410000,100,1e-07
410000,110,1e-07
410000,120,1e-07
410000,130,1e-07
410000,140,1e-07
410000,150,1e-07
410000,160,1e-07
410000,170,1e-07
410000,180,1e-07
410000,190,1e-07
410000,200,1e-07
410000,210,1e-07
410000,220,0.700003
410000,230,0.700014
410000,240,0.700046
410000,250,0.700124
410000,260,0.700304
410000,270,0.700685
410000,280,0.701444
410000,290,0.702868
410000,300,0.705411
410000,310,0.709765
410000,320,0.716961
410000,330,0.728526
410000,340,0.746753
410000,350,0.775208
410000,360,0.819763
410000,370,0.890946
410000,380,1
410000,390,1
410000,400,1
410000,410,1
410000,420,1
410000,430,1
410000,440,1
410000,450,1
410000,460,1
410000,470,1
410000,480,1
410000,490,1
410000,500,1
410000,510,1
410000,520,1
410000,530,1
410000,540,1
410000,550,1
410000,560,1
410000,570,1
410000,580,1
410000,590,1
510000,100,1e-07
510000,110,1e-07
510000,120,1e-07
510000,130,1e-07
510000,140,1e-07
510000,150,1e-07
510000,160,1e-07
510000,170,1e-07
510000,180,1e-07
510000,190,1e-07
510000,200,1e-07
510000,210,1e-07
510000,220,1e-08
510000,230,0.700011
510000,240,0.700036
510000,250,0.7001
510000,260,0.700246
510000,270,0.700556
510000,280,0.701172
510000,290,0.702328
510000,300,0.704388
510000,310,0.707906
510000,320,0.713697
510000,330,0.722951
510000,340,0.737412
510000,350,0.759695
510000,360,0.793899
510000,370,0.846886
510000,380,0.93124
510000,390,1
510000,400,1
510000,410,1
510000,420,1
510000,430,1
510000,440,1
510000,450,1
510000,460,1
510000,470,1
510000,480,1
510000,490,1
510000,500,1
510000,510,1
510000,520,1
510000,530,1
510000,540,1
510000,550,1
510000,560,1
510000,570,1
510000,580,1
510000,590,1
610000,100,1e-07
610000,110,1e-07
610000,120,1e-07
610000,130,1e-07
610000,140,1e-07
610000,150,1e-07
610000,160,1e-07
610000,170,1e-07
610000,180,1e-07
610000,190,1e-07
610000,200,1e-07
610000,210,1e-07
610000,220,1e-07
610000,230,0.700008
610000,240,0.700029
610000,250,0.700083
610000,260,0.700207
610000,270,0.700469
610000,280,0.70099
610000,290,0.701965
610000,300,0.703702
610000,310,0.706661
610000,320,0.71152
610000,330,0.719253
610000,340,0.731265
610000,350,0.749615
610000,360,0.777415
610000,370,0.819642
610000,380,0.884856
610000,390,1
610000,400,1
610000,410,1
610000,420,1
610000,430,1
610000,440,1
610000,450,1
610000,460,1
610000,470,1
610000,480,1
610000,490,1
610000,500,1
610000,510,1
610000,520,1
610000,530,1
610000,540,1
610000,550,1
610000,560,1
610000,570,1
610000,580,1
610000,590,1
710000,100,1e-07
710000,110,1e-07
710000,120,1e-07
710000,130,1e-07
710000,140,1e-07
710000,150,1e-07
710000,160,1e-07
710000,170,1e-07
710000,180,1e-07
710000,190,1e-07
710000,200,1e-07
710000,210,1e-07
710000,220,1e-07
710000,230,1e-08
710000,240,0.700024
710000,250,0.700071
710000,260,0.700178
710000,270,0.700406
710000,280,0.700858
710000,290,0.701705
710000,300,0.70321
710000,310,0.70577
710000,320,0.709964
710000,330,0.71662
710000,340,0.726914
710000,350,0.742539
710000,360,0.765993
710000,370,0.801131
710000,380,0.85429
710000,390,0.93681
710000,400,1
710000,410,1
710000,420,1
710000,430,1
710000,440,1
710000,450,1
710000,460,1
710000,470,1
710000,480,1
710000,490,1
710000,500,1
710000,510,1
710000,520,1
710000,530,1
710000,540,1
710000,550,1
710000,560,1
710000,570,1
710000,580,1
710000,590,1
810000,100,1e-07
810000,110,1e-07
810000,120,1e-07
810000,130,1e-07
810000,140,1e-07
810000,150,1e-07
810000,160,1e-07
810000,170,1e-07
810000,180,1e-07
810000,190,1e-07
810000,200,1e-07
810000,210,1e-07
810000,220,1e-07
810000,230,1e-08
810000,240,0.70002
810000,250,0.700061
810000,260,0.700156
810000,270,0.700359
810000,280,0.700759
810000,290,0.701508
810000,300,0.702839
810000,310,0.7051
810000,320,0.708798
810000,330,0.714651
810000,340,0.723672
810000,350,0.737299
810000,360,0.757612
810000,370,0.787736
810000,380,0.832631
810000,390,0.900767
810000,400,1
810000,410,1
810000,420,1
810000,430,1
810000,440,1
810000,450,1
810000,460,1
810000,470,1
810000,480,1
810000,490,1
810000,500,1
810000,510,1
810000,520,1
810000,530,1
810000,540,1
810000,550,1
810000,560,1
810000,570,1
810000,580,1
810000,590,1
910000,100,1e-07
910000,110,1e-07
910000,120,1e-07
910000,130,1e-07
910000,140,1e-07
910000,150,1e-07
910000,160,1e-07
910000,170,1e-07
910000,180,1e-07
910000,190,1e-07
910000,200,1e-07
910000,210,1e-07
910000,220,1e-07
910000,230,1e-07
910000,240,1e-08
910000,250,0.700054
910000,260,0.700139
910000,270,0.700321
910000,280,0.700682
910000,290,0.701355
910000,300,0.70255
910000,310,0.704579
910000,320,0.707891
910000,330,0.713122
910000,340,0.721163
910000,350,0.733263
910000,360,0.751201
910000,370,0.777594
910000,380,0.816483
910000,390,0.874516
910000,400,0.963606
910000,410,1
910000,420,1
910000,430,1
910000,440,1
910000,450,1
910000,460,1
910000,470,1
910000,480,1
910000,490,1
910000,500,1
910000,510,1
910000,520,1
910000,530,1
910000,540,1
910000,550,1
910000,560,1
910000,570,1
910000,580,1
910000,590,1
1.01e+06,100,1e-07
1.01e+06,110,1e-07
1.01e+06,120,1e-07
1.01e+06,130,1e-07
1.01e+06,140,1e-07
1.01e+06,150,1e-07
1.01e+06,160,1e-07
1.01e+06,170,1e-07
1.01e+06,180,1e-07
1.01e+06,190,1e-07
1.01e+06,200,1e-07
1.01e+06,210,1e-07
1.01e+06,220,1e-07
1.01e+06,230,1e-07
1.01e+06,240,1e-08
1.01e+06,250,0.700048
1.01e+06,260,0.700126
1.01e+06,270,0.700291
1.01e+06,280,0.700619
1.01e+06,290,0.701232
1.01e+06,300,0.702319
1.01e+06,310,0.704161
1.01e+06,320,0.707165
1.01e+06,330,0.711901
1.01e+06,340,0.719165
1.01e+06,350,0.73006
1.01e+06,360,0.746139
1.01e+06,370,0.76965
1.01e+06,380,0.803981
1.01e+06,390,0.854545
1.01e+06,400,0.93067
1.01e+06,410,1
1.01e+06,420,1
1.01e+06,430,1
1.01e+06,440,1
1.01e+06,450,1
1.01e+06,460,1
1.01e+06,470,1
1.01e+06,480,1
1.01e+06,490,1
1.01e+06,500,1
1.01e+06,510,1
1.01e+06,520,1
1.01e+06,530,1
1.01e+06,540,1
1.01e+06,550,1
1.01e+06,560,1
1.01e+06,570,1
1.01e+06,580,1
1.01e+06,590,1
1.11e+06,100,1e-07
1.11e+06,110,1e-07
1.11e+06,120,1e-07
1.11e+06,130,1e-07
1.11e+06,140,1e-07
1.11e+06,150,1e-07
1.11e+06,160,1e-07
1.11e+06,170,1e-07
1.11e+06,180,1e-07
1.11e+06,190,1e-07
1.11e+06,200,1e-07
1.11e+06,210,1e-07
1.11e+06,220,1e-07
1.11e+06,230,1e-07
1.11e+06,240,1e-08
1.11e+06,250,0.700043
1.11e+06,260,0.700114
1.11e+06,270,0.700266
1.11e+06,280,0.700568
1.11e+06,290,0.701132
1.11e+06,300,0.702129
1.11e+06,310,0.703819
1.11e+06,320,0.706571
1.11e+06,330,0.710904
1.11e+06,340,0.717536
1.11e+06,350,0.727456
1.11e+06,360,0.742042
1.11e+06,370,0.763259
1.11e+06,380,0.794016
1.11e+06,390,0.838843
1.11e+06,400,0.905302
1.11e+06,410,1
1.11e+06,420,1
1.11e+06,430,1
1.11e+06,440,1
1.11e+06,450,1
1.11e+06,460,1
1.11e+06,470,1
1.11e+06,480,1
1.11e+06,490,1
1.11e+06,500,1
1.11e+06,510,1
1.11e+06,520,1
1.11e+06,530,1
1.11e+06,540,1
1.11e+06,550,1
1.11e+06,560,1
1.11e+06,570,1
1.11e+06,580,1
1.11e+06,590,1
1.21e+06,100,1e-07
1.21e+06,110,1e-07
1.21e+06,120,1e-07
1.21e+06,130,1e-07
1.21e+06,140,1e-07
1.21e+06,150,1e-07
1.21e+06,160,1e-07
1.21e+06,170,1e-07
1.21e+06,180,1e-07
1.21e+06,190,1e-07
1.21e+06,200,1e-07
1.21e+06,210,1e-07
1.21e+06,220,1e-07
1.21e+06,230,1e-07
1.21e+06,240,1e-08
1.21e+06,250,0.700038
1.21e+06,260,0.700104
1.21e+06,270,0.700246
1.21e+06,280,0.700525
1.21e+06,290,0.701047
1.21e+06,300,0.701971
1.21e+06,310,0.703534
1.21e+06,320,0.706077
1.21e+06,330,0.710075
1.21e+06,340,0.716182
1.21e+06,350,0.725297
1.21e+06,360,0.738658
1.21e+06,370,0.758008
1.21e+06,380,0.785888
1.21e+06,390,0.826174
1.21e+06,400,0.885165
1.21e+06,410,0.973927
1.21e+06,420,1
1.21e+06,430,1
1.21e+06,440,1
1.21e+06,450,1
1.21e+06,460,1
1.21e+06,470,1
1.21e+06,480,1
1.21e+06,490,1
1.21e+06,500,1
1.21e+06,510,1
1.21e+06,520,1
1.21e+06,530,1
1.21e+06,540,1
1.21e+06,550,1
1.21e+06,560,1
1.21e+06,570,1
1.21e+06,580,1
1.21e+06,590,1
1.31e+06,100,1e-07
1.31e+06,110,1e-07
1.31e+06,120,1e-07
1.31e+06,130,1e-07
1.31e+06,140,1e-07
1.31e+06,150,1e-07
1.31e+06,160,1e-07
1.31e+06,170,1e-07
1.31e+06,180,1e-07
1.31e+06,190,1e-07
1.31e+06,200,1e-07
1.31e+06,210,1e-07
1.31e+06,220,1e-07
1.31e+06,230,1e-07
1.31e+06,240,1e-07
1.31e+06,250,1e-08
1.31e+06,260,0.700096
1.31e+06,270,0.700228
1.31e+06,280,0.700489
1.31e+06,290,0.700976
1.31e+06,300,0.701837
1.31e+06,310,0.703293
1.31e+06,320,0.705659
1.31e+06,330,0.709374
1.31e+06,340,0.71504
1.31e+06,350,0.72348
1.31e+06,360,0.735816
1.31e+06,370,0.753617
1.31e+06,380,0.779132
1.31e+06,390,0.815739
1.31e+06,400,0.868792
1.31e+06,410,0.947433
1.31e+06,420,1
1.31e+06,430,1
1.31e+06,440,1
1.31e+06,450,1
1.31e+06,460,1
1.31e+06,470,1
1.31e+06,480,1
1.31e+06,490,1
1.31e+06,500,1
1.31e+06,510,1
1.31e+06,520,1
1.31e+06,530,1
1.31e+06,540,1
1.31e+06,550,1
1.31e+06,560,1
1.31e+06,570,1
1.31e+06,580,1
1.31e+06,590,1
1.41e+06,100,1e-07
1.41e+06,110,1e-07
1.41e+06,120,1e-07
1.41e+06,130,1e-07
1.41e+06,140,1e-07
1.41e+06,150,1e-07
1.41e+06,160,1e-07
1.41e+06,170,1e-07
1.41e+06,180,1e-07
1.41e+06,190,1e-07
1.41e+06,200,1e-07
1.41e+06,210,1e-07
1.41e+06,220,1e-07
1.41e+06,230,1e-07
1.41e+06,240,1e-07
1.41e+06,250,1e-08
1.41e+06,260,0.700089
1.41e+06,270,0.700213
1.41e+06,280,0.700458
1.41e+06,290,0.700915
1.41e+06,300,0.701723
1.41e+06,310,0.703087
1.41e+06,320,0.705301
1.41e+06,330,0.708774
1.41e+06,340,0.714064
1.41e+06,350,0.721928
1.41e+06,360,0.733396
1.41e+06,370,0.749891
1.41e+06,380,0.77343
1.41e+06,390,0.806994
1.41e+06,400,0.855221
1.41e+06,410,0.925822
1.41e+06,420,1
1.41e+06,430,1
1.41e+06,440,1
1.41e+06,450,1
1.41e+06,460,1
1.41e+06,470,1
1.41e+06,480,1
1.41e+06,490,1
1.41e+06,500,1
1.41e+06,510,1
1.41e+06,520,1
1.41e+06,530,1
1.41e+06,540,1
1.41e+06,550,1
1.41e+06,560,1
1.41e+06,570,1
1.41e+06,580,1
1.41e+06,590,1
1.51e+06,100,1e-07
1.51e+06,110,1e-07
1.51e+06,120,1e-07
1.51e+06,130,1e-07
1.51e+06,140,1e-07
1.51e+06,150,1e-07
1.51e+06,160,1e-07
1.51e+06,170,1e-07
1.51e+06,180,1e-07
1.51e+06,190,1e-07
1.51e+06,200,1e-07
1.51e+06,210,1e-07
1.51e+06,220,1e-07
1.51e+06,230,1e-07
1.51e+06,240,1e-07
1.51e+06,250,1e-08
1.51e+06,260,0.700083
1.51e+06,270,0.700199
1.51e+06,280,0.700431
1.51e+06,290,0.700862
1.51e+06,300,0.701623
1.51e+06,310,0.702908
1.51e+06,320,0.704991
1.51e+06,330,0.708255
1.51e+06,340,0.71322
1.51e+06,350,0.720588
1.51e+06,360,0.731311
1.51e+06,370,0.74669
1.51e+06,380,0.768552
1.51e+06,390,0.799561
1.51e+06,400,0.843789
1.51e+06,410,0.907858
1.51e+06,420,1
1.51e+06,430,1
1.51e+06,440,1
1.51e+06,450,1
1.51e+06,460,1
1.51e+06,470,1
1.51e+06,480,1
1.51e+06,490,1
1.51e+06,500,1
1.51e+06,510,1
1.51e+06,520,1
1.51e+06,530,1
1.51e+06,540,1
1.51e+06,550,1
1.51e+06,560,1
1.51e+06,570,1
1.51e+06,580,1
1.51e+06,590,1
1.61e+06,100,1e-07
1.61e+06,110,1e-07
1.61e+06,120,1e-07
1.61e+06,130,1e-07
1.61e+06,140,1e-07
1.61e+06,150,1e-07
1.61e+06,160,1e-07
1.61e+06,170,1e-07
1.61e+06,180,1e-07
1.61e+06,190,1e-07
1.61e+06,200,1e-07
1.61e+06,210,1e-07
1.61e+06,220,1e-07
1.61e+06,230,1e-07
1.61e+06,240,1e-07
1.61e+06,250,1e-08
1.61e+06,260,0.700077
1.61e+06,270,0.700188
1.61e+06,280,0.700407
1.61e+06,290,0.700815
1.61e+06,300,0.701536
1.61e+06,310,0.702751
1.61e+06,320,0.70472
1.61e+06,330,0.707801
1.61e+06,340,0.712483
1.61e+06,350,0.71942
1.61e+06,360,0.729496
1.61e+06,370,0.743911
1.61e+06,380,0.764333
1.61e+06,390,0.793166
1.61e+06,400,0.834028
1.61e+06,410,0.892692
1.61e+06,420,0.979062
1.61e+06,430,1
1.61e+06,440,1
1.61e+06,450,1
1.61e+06,460,1
1.61e+06,470,1
1.61e+06,480,1
1.61e+06,490,1
1.61e+06,500,1
1.61e+06,510,1
1.61e+06,520,1
1.61e+06,530,1
1.61e+06,540,1
1.61e+06,550,1
1.61e+06,560,1
1.61e+06,570,1
1.61e+06,580,1
1.61e+06,590,1
1.71e+06,100,1e-07
1.71e+06,110,1e-07
1.71e+06,120,1e-07
1.71e+06,130,1e-07
1.71e+06,140,1e-07
1.71e+06,150,1e-07
1.71e+06,160,1e-07
1.71e+06,170,1e-07
1.71e+06,180,1e-07
1.71e+06,190,1e-07
1.71e+06,200,1e-07
1.71e+06,210,1e-07
1.71e+06,220,1e-07
1.71e+06,230,1e-07
1.71e+06,240,1e-07
1.71e+06,250,1e-08
1.71e+06,260,1e-08
1.71e+06,270,0.700177
1.71e+06,280,0.700386
1.71e+06,290,0.700774
1.71e+06,300,0.701459
1.71e+06,310,0.702613
1.71e+06,320,0.704481
1.71e+06,330,0.707402
1.71e+06,340,0.711834
1.71e+06,350,0.718393
1.71e+06,360,0.727902
1.71e+06,370,0.741475
1.71e+06,380,0.760648
1.71e+06,390,0.787606
1.71e+06,400,0.825598
1.71e+06,410,0.879718
1.71e+06,420,0.958512
1.71e+06,430,1
1.71e+06,440,1
1.71e+06,450,1
1.71e+06,460,1
1.71e+06,470,1
1.71e+06,480,1
1.71e+06,490,1
1.71e+06,500,1
1.71e+06,510,1
1.71e+06,520,1
1.71e+06,530,1
1.71e+06,540,1
1.71e+06,550,1
1.71e+06,560,1
1.71e+06,570,1
1.71e+06,580,1
1.71e+06,590,1
1.81e+06,100,1e-07
1.81e+06,110,1e-07
1.81e+06,120,1e-07
1.81e+06,130,1e-07
1.81e+06,140,1e-07
1.81e+06,150,1e-07
1.81e+06,160,1e-07
1.81e+06,170,1e-07
1.81e+06,180,1e-07
1.81e+06,190,1e-07
1.81e+06,200,1e-07
1.81e+06,210,1e-07
1.81e+06,220,1e-07
1.81e+06,230,1e-07
1.81e+06,240,1e-07
1.81e+06,250,1e-07
1.81e+06,260,1e-08
1.81e+06,270,0.700168
1.81e+06,280,0.700367
1.81e+06,290,0.700738
1.81e+06,300,0.701391
1.81e+06,310,0.702491
1.81e+06,320,0.704269
1.81e+06,330,0.707047
1.81e+06,340,0.711259
1.81e+06,350,0.717483
1.81e+06,360,0.726492
1.81e+06,370,0.739325
1.81e+06,380,0.757402
1.81e+06,390,0.782728
1.81e+06,400,0.818245
1.81e+06,410,0.868493
1.81e+06,420,0.940948
1.81e+06,430,1
1.81e+06,440,1
1.81e+06,450,1
1.81e+06,460,1
1.81e+06,470,1
1.81e+06,480,1
1.81e+06,490,1
1.81e+06,500,1
1.81e+06,510,1
1.81e+06,520,1
1.81e+06,530,1
1.81e+06,540,1
1.81e+06,550,1
1.81e+06,560,1
1.81e+06,570,1
1.81e+06,580,1
1.81e+06,590,1
1.91e+06,100,1e-07
1.91e+06,110,1e-07
1.91e+06,120,1e-07
1.91e+06,130,1e-07
1.91e+06,140,1e-07
1.91e+06,150,1e-07
1.91e+06,160,1e-07
1.91e+06,170,1e-07
1.91e+06,180,1e-07
1.91e+06,190,1e-07
1.91e+06,200,1e-07
1.91e+06,210,1e-07
1.91e+06,220,1e-07
1.91e+06,230,1e-07
1.91e+06,240,1e-07
1.91e+06,250,1e-07
1.91e+06,260,1e-08
1.91e+06,270,0.70016
1.91e+06,280,0.700351
1.91e+06,290,0.700705
1.91e+06,300,0.70133
1.91e+06,310,0.702381
1.91e+06,320,0.70408
1.91e+06,330,0.706731
1.91e+06,340,0.710745
1.91e+06,350,0.716671
1.91e+06,360,0.725235
1.91e+06,370,0.737411
1.91e+06,380,0.754521
1.91e+06,390,0.778415
1.91e+06,400,0.811775
1.91e+06,410,0.858688
1.91e+06,420,0.925762
1.91e+06,430,1
1.91e+06,440,1
1.91e+06,450,1
1.91e+06,460,1
1.91e+06,470,1
1.91e+06,480,1
1.91e+06,490,1
1.91e+06,500,1
1.91e+06,510,1
1.91e+06,520,1
1.91e+06,530,1
1.91e+06,540,1
1.91e+06,550,1
1.91e+06,560,1
1.91e+06,570,1
1.91e+06,580,1
1.91e+06,590,1
2.01e+06,100,1e-07
2.01e+06,110,1e-07
2.01e+06,120,1e-07
2.01e+06,130,1e-07
2.01e+06,140,1e-07
2.01e+06,150,1e-07
2.01e+06,160,1e-07
2.01e+06,170,1e-07
2.01e+06,180,1e-07
2.01e+06,190,1e-07
2.01e+06,200,1e-07
2.01e+06,210,1e-07
2.01e+06,220,1e-07
2.01e+06,230,1e-07
2.01e+06,240,1e-07
2.01e+06,250,1e-07
2.01e+06,260,1e-08
2.01e+06,270,0.700152
2.01e+06,280,0.700336
2.01e+06,290,0.700676
2.01e+06,300,0.701276
2.01e+06,310,0.702283
2.01e+06,320,0.70391
2.01e+06,330,0.706446
2.01e+06,340,0.710284
2.01e+06,350,0.715942
2.01e+06,360,0.724108
2.01e+06,370,0.735698
2.01e+06,380,0.751948
2.01e+06,390,0.774574
2.01e+06,400,0.806039
2.01e+06,410,0.85005
2.01e+06,420,0.912505
2.01e+06,430,1
2.01e+06,440,1
2.01e+06,450,1
2.01e+06,460,1
2.01e+06,470,1
2.01e+06,480,1
2.01e+06,490,1
2.01e+06,500,1
2.01e+06,510,1
2.01e+06,520,1
2.01e+06,530,1
2.01e+06,540,1
2.01e+06,550,1
2.01e+06,560,1
2.01e+06,570,1
2.01e+06,580,1
2.01e+06,590,1
2.11e+06,100,1e-07
2.11e+06,110,1e-07
2.11e+06,120,1e-07
2.11e+06,130,1e-07
2.11e+06,140,1e-07
2.11e+06,150,1e-07
2.11e+06,160,1e-07
2.11e+06,170,1e-07
2.11e+06,180,1e-07
2.11e+06,190,1e-07
2.11e+06,200,1e-07
2.11e+06,210,1e-07
2.11e+06,220,1e-07
2.11e+06,230,1e-07
2.11e+06,240,1e-07
2.11e+06,250,1e-07
2.11e+06,260,1e-08
2.11e+06,270,0.700146
2.11e+06,280,0.700322
2.11e+06,290,0.70065
2.11e+06,300,0.701226
2.11e+06,310,0.702194
2.11e+06,320,0.703756
2.11e+06,330,0.70619
2.11e+06,340,0.709868
2.11e+06,350,0.715284
2.11e+06,360,0.723092
2.11e+06,370,0.734156
2.11e+06,380,0.749636
2.11e+06,390,0.771132
2.11e+06,400,0.800919
2.11e+06,410,0.842382
2.11e+06,420,0.900831
2.11e+06,430,0.98517
2.11e+06,440,1
2.11e+06,450,1
2.11e+06,460,1
2.11e+06,470,1
2.11e+06,480,1
2.11e+06,490,1
2.11e+06,500,1
2.11e+06,510,1
2.11e+06,520,1
2.11e+06,530,1
2.11e+06,540,1
2.11e+06,550,1
2.11e+06,560,1
2.11e+06,570,1
2.11e+06,580,1
2.11e+06,590,1
2.21e+06,100,1e-07
2.21e+06,110,1e-07
2.21e+06,120,1e-07
2.21e+06,130,1e-07
2.21e+06,140,1e-07
2.21e+06,150,1e-07
2.21e+06,160,1e-07
2.21e+06,170,1e-07
2.21e+06,180,1e-07
2.21e+06,190,1e-07
2.21e+06,200,1e-07
2.21e+06,210,1e-07
2.21e+06,220,1e-07
2.21e+06,230,1e-07
2.21e+06,240,1e-07
2.21e+06,250,1e-07
2.21e+06,260,1e-08
2.21e+06,270,0.70014
2.21e+06,280,0.70031
2.21e+06,290,0.700626
2.21e+06,300,0.701181
2.21e+06,310,0.702114
2.21e+06,320,0.703617
2.21e+06,330,0.705957
2.21e+06,340,0.70949
2.21e+06,350,0.714688
2.21e+06,360,0.722172
2.21e+06,370,0.73276
2.21e+06,380,0.747548
2.21e+06,390,0.76803
2.21e+06,400,0.796322
2.21e+06,410,0.835531
2.21e+06,420,0.890473
2.21e+06,430,0.969091
2.21e+06,440,1
2.21e+06,450,1
2.21e+06,460,1
2.21e+06,470,1
2.21e+06,480,1
2.21e+06,490,1
2.21e+06,500,1
2.21e+06,510,1
2.21e+06,520,1
2.21e+06,530,1
2.21e+06,540,1
2.21e+06,550,1
2.21e+06,560,1
2.21e+06,570,1
2.21e+06,580,1
2.21e+06,590,1
2.31e+06,100,1e-07
2.31e+06,110,1e-07
2.31e+06,120,1e-07
2.31e+06,130,1e-07
2.31e+06,140,1e-07
2.31e+06,150,1e-07
2.31e+06,160,1e-07
2.31e+06,170,1e-07
2.31e+06,180,1e-07
2.31e+06,190,1e-07
2.31e+06,200,1e-07
2.31e+06,210,1e-07
2.31e+06,220,1e-07
2.31e+06,230,1e-07
2.31e+06,240,1e-07
2.31e+06,250,1e-07
2.31e+06,260,1e-08
2.31e+06,270,1e-08
2.31e+06,280,0.700299
2.31e+06,290,0.700604
2.31e+06,300,0.701141
2.31e+06,310,0.702041
2.31e+06,320,0.703491
2.31e+06,330,0.705745
2.31e+06,340,0.709146
2.31e+06,350,0.714146
2.31e+06,360,0.721335
2.31e+06,370,0.731492
2.31e+06,380,0.745652
2.31e+06,390,0.765221
2.31e+06,400,0.792171
2.31e+06,410,0.829373
2.31e+06,420,0.881222
2.31e+06,430,0.954859
2.31e+06,440,1
2.31e+06,450,1
2.31e+06,460,1
2.31e+06,470,1
2.31e+06,480,1
2.31e+06,490,1
2.31e+06,500,1
2.31e+06,510,1
2.31e+06,520,1
2.31e+06,530,1
2.31e+06,540,1
2.31e+06,550,1
2.31e+06,560,1
2.31e+06,570,1
2.31e+06,580,1
2.31e+06,590,1
2.41e+06,100,1e-07
2.41e+06,110,1e-07
2.41e+06,120,1e-07
2.41e+06,130,1e-07
2.41e+06,140,1e-07
2.41e+06,150,1e-07
2.41e+06,160,1e-07
2.41e+06,170,1e-07
2.41e+06,180,1e-07
2.41e+06,190,1e-07
2.41e+06,200,1e-07
2.41e+06,210,1e-07
2.41e+06,220,1e-07
2.41e+06,230,1e-07
2.41e+06,240,1e-07
2.41e+06,250,1e-07
2.41e+06,260,1e-08
2.41e+06,270,1e-08
2.41e+06,280,0.700288
2.41e+06,290,0.700584
2.41e+06,300,0.701104
2.41e+06,310,0.701974
2.41e+06,320,0.703375
2.41e+06,330,0.705551
2.41e+06,340,0.708832
2.41e+06,350,0.71365
2.41e+06,360,0.72057
2.41e+06,370,0.730334
2.41e+06,380,0.743924
2.41e+06,390,0.762666
2.41e+06,400,0.788405
2.41e+06,410,0.823809
2.41e+06,420,0.87291
2.41e+06,430,0.942174
2.41e+06,440,1
2.41e+06,450,1
2.41e+06,460,1
2.41e+06,470,1
2.41e+06,480,1
2.41e+06,490,1
2.41e+06,500,1
2.41e+06,510,1
2.41e+06,520,1
2.41e+06,530,1
2.41e+06,540,1
2.41e+06,550,1
2.41e+06,560,1
2.41e+06,570,1
2.41e+06,580,1
2.41e+06,590,1
2.51e+06,100,1e-07
2.51e+06,110,1e-07
2.51e+06,120,1e-07
2.51e+06,130,1e-07
2.51e+06,140,1e-07
2.51e+06,150,1e-07
2.51e+06,160,1e-07
2.51e+06,170,1e-07
2.51e+06,180,1e-07
2.51e+06,190,1e-07
2.51e+06,200,1e-07
2.51e+06,210,1e-07
2.51e+06,220,1e-07
2.51e+06,230,1e-07
2.51e+06,240,1e-07
2.51e+06,250,1e-07
2.51e+06,260,1e-07
2.51e+06,270,1e-08
2.51e+06,280,0.700279
2.51e+06,290,0.700566
2.51e+06,300,0.70107
2.51e+06,310,0.701913
2.51e+06,320,0.703268
2.51e+06,330,0.705374
2.51e+06,340,0.708544
2.51e+06,350,0.713195
2.51e+06,360,0.719869
2.51e+06,370,0.729273
2.51e+06,380,0.742342
2.51e+06,390,0.760331
2.51e+06,400,0.784974
2.51e+06,410,0.818756
2.51e+06,420,0.865401
2.51e+06,430,0.930797
2.51e+06,440,1
2.51e+06,450,1
2.51e+06,460,1
2.51e+06,470,1
2.51e+06,480,1
2.51e+06,490,1
2.51e+06,500,1
2.51e+06,510,1
2.51e+06,520,1
2.51e+06,530,1
2.51e+06,540,1
2.51e+06,550,1
2.51e+06,560,1
2.51e+06,570,1
2.51e+06,580,1
2.51e+06,590,1
2.61e+06,100,1e-07
2.61e+06,110,1e-07
2.61e+06,120,1e-07
2.61e+06,130,1e-07
2.61e+06,140,1e-07
2.61e+06,150,1e-07
2.61e+06,160,1e-07
2.61e+06,170,1e-07
2.61e+06,180,1e-07
2.61e+06,190,1e-07
2.61e+06,200,1e-07
2.61e+06,210,1e-07
2.61e+06,220,1e-07
2.61e+06,230,1e-07
2.61e+06,240,1e-07
2.61e+06,250,1e-07
2.61e+06,260,1e-07
2.61e+06,270,1e-08
2.61e+06,280,0.700271
2.61e+06,290,0.700549
2.61e+06,300,0.701038
2.61e+06,310,0.701856
2.61e+06,320,0.703171
2.61e+06,330,0.70521
2.61e+06,340,0.708279
2.61e+06,350,0.712776
2.61e+06,360,0.719223
2.61e+06,370,0.728297
2.61e+06,380,0.740889
2.61e+06,390,0.75819
2.61e+06,400,0.781835
2.61e+06,410,0.814149
2.61e+06,420,0.858584
2.61e+06,430,0.920538
2.61e+06,440,1
2.61e+06,450,1
2.61e+06,460,1
2.61e+06,470,1
2.61e+06,480,1
2.61e+06,490,1
2.61e+06,500,1
2.61e+06,510,1
2.61e+06,520,1
2.61e+06,530,1
2.61e+06,540,1
2.61e+06,550,1
2.61e+06,560,1
2.61e+06,570,1
2.61e+06,580,1
2.61e+06,590,1
2.71e+06,100,1e-07
2.71e+06,110,1e-07
2.71e+06,120,1e-07
2.71e+06,130,1e-07
2.71e+06,140,1e-07
2.71e+06,150,1e-07
2.71e+06,160,1e-07
2.71e+06,170,1e-07
2.71e+06,180,1e-07
2.71e+06,190,1e-07
2.71e+06,200,1e-07
2.71e+06,210,1e-07
2.71e+06,220,1e-07
2.71e+06,230,1e-07
2.71e+06,240,1e-07
2.71e+06,250,1e-07
2.71e+06,260,1e-07
2.71e+06,270,1e-08
2.71e+06,280,0.700263
2.71e+06,290,0.700534
2.71e+06,300,0.70101
2.71e+06,310,0.701805
2.71e+06,320,0.703081
2.71e+06,330,0.705059
2.71e+06,340,0.708034
2.71e+06,350,0.71239
2.71e+06,360,0.718628
2.71e+06,370,0.727398
2.71e+06,380,0.739551
2.71e+06,390,0.75622
2.71e+06,400,0.778952
2.71e+06,410,0.809931
2.71e+06,420,0.85237
2.71e+06,430,0.911239
2.71e+06,440,0.994717
2.71e+06,450,1
2.71e+06,460,1
2.71e+06,470,1
2.71e+06,480,1
2.71e+06,490,1
2.71e+06,500,1
2.71e+06,510,1
2.71e+06,520,1
2.71e+06,530,1
2.71e+06,540,1
2.71e+06,550,1
2.71e+06,560,1
2.71e+06,570,1
2.71e+06,580,1
2.71e+06,590,1
2.81e+06,100,1e-07
2.81e+06,110,1e-07
2.81e+06,120,1e-07
2.81e+06,130,1e-07
2.81e+06,140,1e-07
2.81e+06,150,1e-07
2.81e+06,160,1e-07
2.81e+06,170,1e-07
2.81e+06,180,1e-07
2.81e+06,190,1e-07
2.81e+06,200,1e-07
2.81e+06,210,1e-07
2.81e+06,220,1e-07
2.81e+06,230,1e-07
2.81e+06,240,1e-07
2.81e+06,250,1e-07
2.81e+06,260,1e-07
2.81e+06,270,1e-08
2.81e+06,280,0.700256
2.81e+06,290,0.70052
2.81e+06,300,0.700983
2.81e+06,310,0.701757
2.81e+06,320,0.702998
2.81e+06,330,0.70492
2.81e+06,340,0.707807
2.81e+06,350,0.712032
2.81e+06,360,0.718076
2.81e+06,370,0.726565
2.81e+06,380,0.738314
2.81e+06,390,0.754401
2.81e+06,400,0.776296
2.81e+06,410,0.806056
2.81e+06,420,0.846682
2.81e+06,430,0.902773
2.81e+06,440,0.9818
2.81e+06,450,1
2.81e+06,460,1
2.81e+06,470,1
2.81e+06,480,1
2.81e+06,490,1
2.81e+06,500,1
2.81e+06,510,1
2.81e+06,520,1
2.81e+06,530,1
2.81e+06,540,1
2.81e+06,550,1
2.81e+06,560,1
2.81e+06,570,1
2.81e+06,580,1
2.81e+06,590,1
2.91e+06,100,1e-07
2.91e+06,110,1e-07
2.91e+06,120,1e-07
2.91e+06,130,1e-07
2.91e+06,140,1e-07
2.91e+06,150,1e-07
2.91e+06,160,1e-07
2.91e+06,170,1e-07
2.91e+06,180,1e-07
2.91e+06,190,1e-07
2.91e+06,200,1e-07
2.91e+06,210,1e-07
2.91e+06,220,1e-07
2.91e+06,230,1e-07
2.91e+06,240,1e-07
2.91e+06,250,1e-07
2.91e+06,260,1e-07
2.91e+06,270,1e-08
2.91e+06,280,0.700249
2.91e+06,290,0.700507
2.91e+06,300,0.700959
2.91e+06,310,0.701712
2.91e+06,320,0.70292
2.91e+06,330,0.70479
2.91e+06,340,0.707597
2.91e+06,350,0.7117
2.91e+06,360,0.717565
2.91e+06,370,0.725793
2.91e+06,380,0.737167
2.91e+06,390,0.752718
2.91e+06,400,0.773842
2.91e+06,410,0.802483
2.91e+06,420,0.841456
2.91e+06,430,0.895033
2.91e+06,440,0.970073
2.91e+06,450,1
2.91e+06,460,1
2.91e+06,470,1
2.91e+06,480,1
2.91e+06,490,1
2.91e+06,500,1
2.91e+06,510,1
2.91e+06,520,1
2.91e+06,530,1
2.91e+06,540,1
2.91e+06,550,1
2.91e+06,560,1
2.91e+06,570,1
2.91e+06,580,1
2.91e+06,590,1
3.01e+06,100,1e-07
3.01e+06,110,1e-07
3.01e+06,120,1e-07
3.01e+06,130,1e-07
3.01e+06,140,1e-07
3.01e+06,150,1e-07
3.01e+06,160,1e-07
3.01e+06,170,1e-07
3.01e+06,180,1e-07
3.01e+06,190,1e-07
3.01e+06,200,1e-07
3.01e+06,210,1e-07
3.01e+06,220,1e-07
3.01e+06,230,1e-07
3.01e+06,240,1e-07
3.01e+06,250,1e-07
3.01e+06,260,1e-07
3.01e+06,270,1e-08
3.01e+06,280,1e-08
3.01e+06,290,0.700495
3.01e+06,300,0.700936
3.01e+06,310,0.701671
3.01e+06,320,0.702849
3.01e+06,330,0.70467
3.01e+06,340,0.707401
3.01e+06,350,0.711391
3.01e+06,360,0.717089
3.01e+06,370,0.725075
3.01e+06,380,0.736101
3.01e+06,390,0.751155
3.01e+06,400,0.771567
3.01e+06,410,0.799178
3.01e+06,420,0.836638
3.01e+06,430,0.88793
3.01e+06,440,0.959379
3.01e+06,450,1
3.01e+06,460,1
3.01e+06,470,1
3.01e+06,480,1
3.01e+06,490,1
3.01e+06,500,1
3.01e+06,510,1
3.01e+06,520,1
3.01e+06,530,1
3.01e+06,540,1
3.01e+06,550,1
3.01e+06,560,1
3.01e+06,570,1
3.01e+06,580,1
3.01e+06,590,1
3.11e+06,100,1e-07
3.11e+06,110,1e-07
3.11e+06,120,1e-07
3.11e+06,130,1e-07
3.11e+06,140,1e-07
3.11e+06,150,1e-07
3.11e+06,160,1e-07
3.11e+06,170,1e-07
3.11e+06,180,1e-07
3.11e+06,190,1e-07
3.11e+06,200,1e-07
3.11e+06,210,1e-07
3.11e+06,220,1e-07
3.11e+06,230,1e-07
3.11e+06,240,1e-07
3.11e+06,250,1e-07
3.11e+06,260,1e-07
3.11e+06,270,1e-08
3.11e+06,280,1e-08
3.11e+06,290,0.700484
3.11e+06,300,0.700915
3.11e+06,310,0.701633
3.11e+06,320,0.702782
3.11e+06,330,0.704558
3.11e+06,340,0.707219
3.11e+06,350,0.711103
3.11e+06,360,0.716646
3.11e+06,370,0.724406
3.11e+06,380,0.735108
3.11e+06,390,0.7497
3.11e+06,400,0.769452
3.11e+06,410,0.796114
3.11e+06,420,0.832183
3.11e+06,430,0.881389
3.11e+06,440,0.949588
3.11e+06,450,1
3.11e+06,460,1
3.11e+06,470,1
3.11e+06,480,1
3.11e+06,490,1
3.11e+06,500,1
3.11e+06,510,1
3.11e+06,520,1
3.11e+06,530,1
3.11e+06,540,1
3.11e+06,550,1
3.11e+06,560,1
3.11e+06,570,1
3.11e+06,580,1
3.11e+06,590,1
3.21e+06,100,1e-07
3.21e+06,110,1e-07
3.21e+06,120,1e-07
3.21e+06,130,1e-07
3.21e+06,140,1e-07
3.21e+06,150,1e-07
3.21e+06,160,1e-07
3.21e+06,170,1e-07
3.21e+06,180,1e-07
3.21e+06,190,1e-07
3.21e+06,200,1e-07
3.21e+06,210,1e-07
3.21e+06,220,1e-07
3.21e+06,230,1e-07
3.21e+06,240,1e-07
3.21e+06,250,1e-07
3.21e+06,260,1e-07
3.21e+06,270,1e-08
3.21e+06,280,1e-08
3.21e+06,290,0.700474
3.21e+06,300,0.700896
3.21e+06,310,0.701598
3.21e+06,320,0.70272
3.21e+06,330,0.704454
3.21e+06,340,0.707049
3.21e+06,350,0.710835
3.21e+06,360,0.716231
3.21e+06,370,0.723781
3.21e+06,380,0.734181
3.21e+06,390,0.748343
3.21e+06,400,0.767482
3.21e+06,410,0.793264
3.21e+06,420,0.828053
3.21e+06,430,0.875346
3.21e+06,440,0.940592
3.21e+06,450,1
3.21e+06,460,1
3.21e+06,470,1
3.21e+06,480,1
3.21e+06,490,1
3.21e+06,500,1
3.21e+06,510,1
3.21e+06,520,1
3.21e+06,530,1
3.21e+06,540,1
3.21e+06,550,1
3.21e+06,560,1
3.21e+06,570,1
3.21e+06,580,1
3.21e+06,590,1
3.31e+06,100,1e-07
3.31e+06,110,1e-07
3.31e+06,120,1e-07
3.31e+06,130,1e-07
3.31e+06,140,1e-07
3.31e+06,150,1e-07
3.31e+06,160,1e-07
3.31e+06,170,1e-07
3.31e+06,180,1e-07
3.31e+06,190,1e-07
3.31e+06,200,1e-07
3.31e+06,210,1e-07
3.31e+06,220,1e-07
3.31e+06,230,1e-07
3.31e+06,240,1e-07
3.31e+06,250,1e-07
3.31e+06,260,1e-07
3.31e+06,270,1e-07
3.31e+06,280,1e-08
3.31e+06,290,0.700465
3.31e+06,300,0.700878
3.31e+06,310,0.701565
3.31e+06,320,0.702663
3.31e+06,330,0.704356
3.31e+06,340,0.70689
3.31e+06,350,0.710583
3.31e+06,360,0.715844
3.31e+06,370,0.723196
3.31e+06,380,0.733314
3.31e+06,390,0.747075
3.31e+06,400,0.765643
3.31e+06,410,0.790608
3.31e+06,420,0.824212
3.31e+06,430,0.869747
3.31e+06,440,0.932296
3.31e+06,450,1
3.31e+06,460,1
3.31e+06,470,1
3.31e+06,480,1
3.31e+06,490,1
3.31e+06,500,1
3.31e+06,510,1
3.31e+06,520,1
3.31e+06,530,1
3.31e+06,540,1
3.31e+06,550,1
3.31e+06,560,1
3.31e+06,570,1
3.31e+06,580,1
3.31e+06,590,1
3.41e+06,100,1e-07
3.41e+06,110,1e-07
3.41e+06,120,1e-07
3.41e+06,130,1e-07
3.41e+06,140,1e-07
3.41e+06,150,1e-07
3.41e+06,160,1e-07
3.41e+06,170,1e-07
3.41e+06,180,1e-07
3.41e+06,190,1e-07
3.41e+06,200,1e-07
3.41e+06,210,1e-07
3.41e+06,220,1e-07
3.41e+06,230,1e-07
3.41e+06,240,1e-07
3.41e+06,250,1e-07
3.41e+06,260,1e-07
3.41e+06,270,1e-07
3.41e+06,280,1e-08
3.41e+06,290,0.700457
3.41e+06,300,0.700861
3.41e+06,310,0.701534
3.41e+06,320,0.702609
3.41e+06,330,0.704265
3.41e+06,340,0.706741
3.41e+06,350,0.710347
3.41e+06,360,0.71548
3.41e+06,370,0.722647
3.41e+06,380,0.732501
3.41e+06,390,0.745886
3.41e+06,400,0.763922
3.41e+06,410,0.788127
3.41e+06,420,0.820632
3.41e+06,430,0.864545
3.41e+06,440,0.924625
3.41e+06,450,1
3.41e+06,460,1
3.41e+06,470,1
3.41e+06,480,1
3.41e+06,490,1
3.41e+06,500,1
3.41e+06,510,1
3.41e+06,520,1
3.41e+06,530,1
3.41e+06,540,1
3.41e+06,550,1
3.41e+06,560,1
3.41e+06,570,1
3.41e+06,580,1
3.41e+06,590,1
3.51e+06,100,1e-07
3.51e+06,110,1e-07
3.51e+06,120,1e-07
3.51e+06,130,1e-07
3.51e+06,140,1e-07
3.51e+06,150,1e-07
3.51e+06,160,1e-07
3.51e+06,170,1e-07
3.51e+06,180,1e-07
3.51e+06,190,1e-07
3.51e+06,200,1e-07
3.51e+06,210,1e-07
3.51e+06,220,1e-07
3.51e+06,230,1e-07
3.51e+06,240,1e-07
3.51e+06,250,1e-07
3.51e+06,260,1e-07
3.51e+06,270,1e-07
3.51e+06,280,1e-08
3.51e+06,290,0.700449
3.51e+06,300,0.700846
3.51e+06,310,0.701506
3.51e+06,320,0.702558
3.51e+06,330,0.704179
3.51e+06,340,0.706601
3.51e+06,350,0.710126
3.51e+06,360,0.715139
3.51e+06,370,0.722132
3.51e+06,380,0.731737
3.51e+06,390,0.744771
3.51e+06,400,0.762308
3.51e+06,410,0.785804
3.51e+06,420,0.817288
3.51e+06,430,0.8597
3.51e+06,440,0.917509
3.51e+06,450,1
3.51e+06,460,1
3.51e+06,470,1
3.51e+06,480,1
3.51e+06,490,1
3.51e+06,500,1
3.51e+06,510,1
3.51e+06,520,1
3.51e+06,530,1
3.51e+06,540,1
3.51e+06,550,1
3.51e+06,560,1
3.51e+06,570,1
3.51e+06,580,1
3.51e+06,590,1
3.61e+06,100,1e-07
3.61e+06,110,1e-07
3.61e+06,120,1e-07
3.61e+06,130,1e-07
3.61e+06,140,1e-07
3.61e+06,150,1e-07
3.61e+06,160,1e-07
3.61e+06,170,1e-07
3.61e+06,180,1e-07
3.61e+06,190,1e-07
3.61e+06,200,1e-07
3.61e+06,210,1e-07
3.61e+06,220,1e-07
3.61e+06,230,1e-07
3.61e+06,240,1e-07
3.61e+06,250,1e-07
3.61e+06,260,1e-07
3.61e+06,270,1e-07
3.61e+06,280,1e-08
3.61e+06,290,0.700442
3.61e+06,300,0.700832
3.61e+06,310,0.701479
3.61e+06,320,0.702511
3.61e+06,330,0.704099
3.61e+06,340,0.70647
3.61e+06,350,0.709918
3.61e+06,360,0.714817
3.61e+06,370,0.721647
3.61e+06,380,0.731019
3.61e+06,390,0.743722
3.61e+06,400,0.760792
3.61e+06,410,0.783625
3.61e+06,420,0.814156
3.61e+06,430,0.855177
3.61e+06,440,0.910891
3.61e+06,450,0.987981
3.61e+06,460,1
3.61e+06,470,1
3.61e+06,480,1
3.61e+06,490,1
3.61e+06,500,1
3.61e+06,510,1
3.61e+06,520,1
3.61e+06,530,1
3.61e+06,540,1
3.61e+06,550,1
3.61e+06,560,1
3.61e+06,570,1
3.61e+06,580,1
3.61e+06,590,1
3.71e+06,100,1e-07
3.71e+06,110,1e-07
3.71e+06,120,1e-07
3.71e+06,130,1e-07
3.71e+06,140,1e-07
3.71e+06,150,1e-07
3.71e+06,160,1e-07
3.71e+06,170,1e-07
3.71e+06,180,1e-07
3.71e+06,190,1e-07
3.71e+06,200,1e-07
3.71e+06,210,1e-07
3.71e+06,220,1e-07
3.71e+06,230,1e-07
3.71e+06,240,1e-07
3.71e+06,250,1e-07
3.71e+06,260,1e-07
3.71e+06,270,1e-07
3.71e+06,280,1e-08
3.71e+06,290,0.700435
3.71e+06,300,0.700818
3.71e+06,310,0.701454
3.71e+06,320,0.702467
3.71e+06,330,0.704024
3.71e+06,340,0.706347
3.71e+06,350,0.709722
3.71e+06,360,0.714515
3.71e+06,370,0.72119
3.71e+06,380,0.730343
3.71e+06,390,0.742734
3.71e+06,400,0.759366
3.71e+06,410,0.781577
3.71e+06,420,0.811219
3.71e+06,430,0.850945
3.71e+06,440,0.904722
3.71e+06,450,0.978801
3.71e+06,460,1
3.71e+06,470,1
3.71e+06,480,1
3.71e+06,490,1
3.71e+06,500,1
3.71e+06,510,1
3.71e+06,520,1
3.71e+06,530,1
3.71e+06,540,1
3.71e+06,550,1
3.71e+06,560,1
3.71e+06,570,1
3.71e+06,580,1
3.71e+06,590,1
3.81e+06,100,1e-07
3.81e+06,110,1e-07
3.81e+06,120,1e-07
3.81e+06,130,1e-07
3.81e+06,140,1e-07
3.81e+06,150,1e-07
3.81e+06,160,1e-07
3.81e+06,170,1e-07
3.81e+06,180,1e-07
3.81e+06,190,1e-07
3.81e+06,200,1e-07
3.81e+06,210,1e-07
3.81e+06,220,1e-07
3.81e+06,230,1e-07
3.81e+06,240,1e-07
3.81e+06,250,1e-07
3.81e+06,260,1e-07
3.81e+06,270,1e-07
3.81e+06,280,1e-08
3.81e+06,290,1e-08
3.81e+06,300,0.700806
3.81e+06,310,0.701431
3.81e+06,320,0.702425
3.81e+06,330,0.703953
3.81e+06,340,0.706231
3.81e+06,350,0.709537
3.81e+06,360,0.714229
3.81e+06,370,0.720759
3.81e+06,380,0.729704
3.81e+06,390,0.741803
3.81e+06,400,0.758021
3.81e+06,410,0.779649
3.81e+06,420,0.808459
3.81e+06,430,0.846977
3.81e+06,440,0.898957
3.81e+06,450,0.970263
3.81e+06,460,1
3.81e+06,470,1
3.81e+06,480,1
3.81e+06,490,1
3.81e+06,500,1
3.81e+06,510,1
3.81e+06,520,1
3.81e+06,530,1
3.81e+06,540,1
3.81e+06,550,1
3.81e+06,560,1
3.81e+06,570,1
3.81e+06,580,1
3.81e+06,590,1
3.91e+06,100,1e-07
3.91e+06,110,1e-07
3.91e+06,120,1e-07
3.91e+06,130,1e-07
3.91e+06,140,1e-07
3.91e+06,150,1e-07
3.91e+06,160,1e-07
3.91e+06,170,1e-07
3.91e+06,180,1e-07
3.91e+06,190,1e-07
3.91e+06,200,1e-07
3.91e+06,210,1e-07
3.91e+06,220,1e-07
3.91e+06,230,1e-07
3.91e+06,240,1e-07
3.91e+06,250,1e-07
3.91e+06,260,1e-07
3.91e+06,270,1e-07
3.91e+06,280,1e-08
3.91e+06,290,1e-08
3.91e+06,300,0.700795
3.91e+06,310,0.701409
3.91e+06,320,0.702386
3.91e+06,330,0.703886
3.91e+06,340,0.706121
3.91e+06,350,0.709363
3.91e+06,360,0.713959
3.91e+06,370,0.720352
3.91e+06,380,0.729101
3.91e+06,390,0.740923
3.91e+06,400,0.756752
3.91e+06,410,0.777831
3.91e+06,420,0.80586
3.91e+06,430,0.843249
3.91e+06,440,0.893558
3.91e+06,450,0.962303
3.91e+06,460,1
3.91e+06,470,1
3.91e+06,480,1
3.91e+06,490,1
3.91e+06,500,1
3.91e+06,510,1
3.91e+06,520,1
3.91e+06,530,1
3.91e+06,540,1
3.91e+06,550,1
3.91e+06,560,1
3.91e+06,570,1
3.91e+06,580,1
3.91e+06,590,1
4.01e+06,100,1e-07
4.01e+06,110,1e-07
4.01e+06,120,1e-07
4.01e+06,130,1e-07
4.01e+06,140,1e-07
4.01e+06,150,1e-07
4.01e+06,160,1e-07
4.01e+06,170,1e-07
4.01e+06,180,1e-07
4.01e+06,190,1e-07
4.01e+06,200,1e-07
4.01e+06,210,1e-07
4.01e+06,220,1e-07
4.01e+06,230,1e-07
4.01e+06,240,1e-07
4.01e+06,250,1e-07
4.01e+06,260,1e-07
4.01e+06,270,1e-07
4.01e+06,280,1e-08
4.01e+06,290,1e-08
4.01e+06,300,0.700785
4.01e+06,310,0.701389
4.01e+06,320,0.70235
4.01e+06,330,0.703824
4.01e+06,340,0.706018
4.01e+06,350,0.709198
4.01e+06,360,0.713704
4.01e+06,370,0.719967
4.01e+06,380,0.72853
4.01e+06,390,0.74009
4.01e+06,400,0.755552
4.01e+06,410,0.776113
4.01e+06,420,0.803408
4.01e+06,430,0.839741
4.01e+06,440,0.888492
4.01e+06,450,0.954864
4.01e+06,460,1
4.01e+06,470,1
4.01e+06,480,1
4.01e+06,490,1
4.01e+06,500,1
4.01e+06,510,1
4.01e+06,520,1
4.01e+06,530,1
4.01e+06,540,1
4.01e+06,550,1
4.01e+06,560,1
4.01e+06,570,1
4.01e+06,580,1
4.01e+06,590,1
4.11e+06,100,1e-07
4.11e+06,110,1e-07
4.11e+06,120,1e-07
4.11e+06,130,1e-07
4.11e+06,140,1e-07
4.11e+06,150,1e-07
4.11e+06,160,1e-07
4.11e+06,170,1e-07
4.11e+06,180,1e-07
4.11e+06,190,1e-07
4.11e+06,200,1e-07
4.11e+06,210,1e-07
4.11e+06,220,1e-07
4.11e+06,230,1e-07
4.11e+06,240,1e-07
4.11e+06,250,1e-07
4.11e+06,260,1e-07
4.11e+06,270,1e-07
4.11e+06,280,1e-08
4.11e+06,290,1e-08
4.11e+06,300,0.700775
4.11e+06,310,0.701371
4.11e+06,320,0.702316
4.11e+06,330,0.703765
4.11e+06,340,0.70592
4.11e+06,350,0.709042
4.11e+06,360,0.713463
4.11e+06,370,0.719602
4.11e+06,380,0.727989
4.11e+06,390,0.739302
4.11e+06,400,0.754416
4.11e+06,410,0.774489
4.11e+06,420,0.801093
4.11e+06,430,0.836434
4.11e+06,440,0.88373
4.11e+06,450,0.947897
4.11e+06,460,1
4.11e+06,470,1
4.11e+06,480,1
4.11e+06,490,1
4.11e+06,500,1
4.11e+06,510,1
4.11e+06,520,1
4.11e+06,530,1
4.11e+06,540,1
4.11e+06,550,1
4.11e+06,560,1
4.11e+06,570,1
4.11e+06,580,1
4.11e+06,590,1
4.21e+06,100,1e-07
4.21e+06,110,1e-07
4.21e+06,120,1e-07
4.21e+06,130,1e-07
4.21e+06,140,1e-07
4.21e+06,150,1e-07
4.21e+06,160,1e-07
4.21e+06,170,1e-07
4.21e+06,180,1e-07
4.21e+06,190,1e-07
4.21e+06,200,1e-07
4.21e+06,210,1e-07
4.21e+06,220,1e-07
4.21e+06,230,1e-07
4.21e+06,240,1e-07
4.21e+06,250,1e-07
4.21e+06,260,1e-07
4.21e+06,270,1e-07
4.21e+06,280,1e-07
4.21e+06,290,1e-08
4.21e+06,300,0.700767
4.21e+06,310,0.701353
4.21e+06,320,0.702284
4.21e+06,330,0.703709
4.21e+06,340,0.705828
4.21e+06,350,0.708895
4.21e+06,360,0.713234
4.21e+06,370,0.719256
4.21e+06,380,0.727476
4.21e+06,390,0.738554
4.21e+06,400,0.753339
4.21e+06,410,0.772951
4.21e+06,420,0.798903
4.21e+06,430,0.833312
4.21e+06,440,0.879245
4.21e+06,450,0.94136
4.21e+06,460,1
4.21e+06,470,1
4.21e+06,480,1
4.21e+06,490,1
4.21e+06,500,1
4.21e+06,510,1
4.21e+06,520,1
4.21e+06,530,1
4.21e+06,540,1
4.21e+06,550,1
4.21e+06,560,1
4.21e+06,570,1
4.21e+06,580,1
4.21e+06,590,1
4.31e+06,100,1e-07
4.31e+06,110,1e-07
4.31e+06,120,1e-07
4.31e+06,130,1e-07
4.31e+06,140,1e-07
4.31e+06,150,1e-07
4.31e+06,160,1e-07
4.31e+06,170,1e-07
4.31e+06,180,1e-07
4.31e+06,190,1e-07
4.31e+06,200,1e-07
4.31e+06,210,1e-07
4.31e+06,220,1e-07
4.31e+06,230,1e-07
4.31e+06,240,1e-07
4.31e+06,250,1e-07
4.31e+06,260,1e-07
4.31e+06,270,1e-07
4.31e+06,280,1e-07
4.31e+06,290,1e-08
4.31e+06,300,0.700759
4.31e+06,310,0.701337
4.31e+06,320,0.702254
4.31e+06,330,0.703657
4.31e+06,340,0.705741
4.31e+06,350,0.708755
4.31e+06,360,0.713017
4.31e+06,370,0.718927
4.31e+06,380,0.726989
4.31e+06,390,0.737844
4.31e+06,400,0.752317
4.31e+06,410,0.771492
4.31e+06,420,0.796829
4.31e+06,430,0.830359
4.31e+06,440,0.875014
4.31e+06,450,0.935214
4.31e+06,460,1
4.31e+06,470,1
4.31e+06,480,1
4.31e+06,490,1
4.31e+06,500,1
4.31e+06,510,1
4.31e+06,520,1
4.31e+06,530,1
4.31e+06,540,1
4.31e+06,550,1
4.31e+06,560,1
4.31e+06,570,1
4.31e+06,580,1
4.31e+06,590,1
4.41e+06,100,1e-07
4.41e+06,110,1e-07
4.41e+06,120,1e-07
4.41e+06,130,1e-07
4.41e+06,140,1e-07
4.41e+06,150,1e-07
4.41e+06,160,1e-07
4.41e+06,170,1e-07
4.41e+06,180,1e-07
4.41e+06,190,1e-07
4.41e+06,200,1e-07
4.41e+06,210,1e-07
4.41e+06,220,1e-07
4.41e+06,230,1e-07
4.41e+06,240,1e-07
4.41e+06,250,1e-07
4.41e+06,260,1e-07
4.41e+06,270,1e-07
4.41e+06,280,1e-07
4.41e+06,290,1e-08
4.41e+06,300,0.700752
4.41e+06,310,0.701322
4.41e+06,320,0.702225
4.41e+06,330,0.703607
4.41e+06,340,0.705658
4.41e+06,350,0.708623
4.41e+06,360,0.712811
4.41e+06,370,0.718615
4.41e+06,380,0.726526
4.41e+06,390,0.737169
4.41e+06,400,0.751346
4.41e+06,410,0.770106
4.41e+06,420,0.794861
4.41e+06,430,0.827563
4.41e+06,440,0.871017
4.41e+06,450,0.929425
4.41e+06,460,1
4.41e+06,470,1
4.41e+06,480,1
4.41e+06,490,1
4.41e+06,500,1
4.41e+06,510,1
4.41e+06,520,1
4.41e+06,530,1
4.41e+06,540,1
4.41e+06,550,1
4.41e+06,560,1
4.41e+06,570,1
4.41e+06,580,1
4.41e+06,590,1
4.51e+06,100,1e-07
4.51e+06,110,1e-07
4.51e+06,120,1e-07
4.51e+06,130,1e-07
4.51e+06,140,1e-07
4.51e+06,150,1e-07
4.51e+06,160,1e-07
4.51e+06,170,1e-07
4.51e+06,180,1e-07
4.51e+06,190,1e-07
4.51e+06,200,1e-07
4.51e+06,210,1e-07
4.51e+06,220,1e-07
4.51e+06,230,1e-07
4.51e+06,240,1e-07
4.51e+06,250,1e-07
4.51e+06,260,1e-07
4.51e+06,270,1e-07
4.51e+06,280,1e-07
4.51e+06,290,1e-08
4.51e+06,300,0.700745
4.51e+06,310,0.701308
4.51e+06,320,0.702199
4.51e+06,330,0.703561
4.51e+06,340,0.70558
4.51e+06,350,0.708497
4.51e+06,360,0.712615
4.51e+06,370,0.718318
4.51e+06,380,0.726086
4.51e+06,390,0.736527
4.51e+06,400,0.750422
4.51e+06,410,0.768789
4.51e+06,420,0.792992
4.51e+06,430,0.824911
4.51e+06,440,0.867234
4.51e+06,450,0.923964
4.51e+06,460,1
4.51e+06,470,1
4.51e+06,480,1
4.51e+06,490,1
4.51e+06,500,1
4.51e+06,510,1
4.51e+06,520,1
4.51e+06,530,1
4.51e+06,540,1
4.51e+06,550,1
4.51e+06,560,1
4.51e+06,570,1
4.51e+06,580,1
4.51e+06,590,1
4.61e+06,100,1e-07
4.61e+06,110,1e-07
4.61e+06,120,1e-07
4.61e+06,130,1e-07
4.61e+06,140,1e-07
4.61e+06,150,1e-07
4.61e+06,160,1e-07
4.61e+06,170,1e-07
4.61e+06,180,1e-07
4.61e+06,190,1e-07
4.61e+06,200,1e-07
4.61e+06,210,1e-07
4.61e+06,220,1e-07
4.61e+06,230,1e-07
4.61e+06,240,1e-07
4.61e+06,250,1e-07
4.61e+06,260,1e-07
4.61e+06,270,1e-07
4.61e+06,280,1e-07
4.61e+06,290,1e-08
4.61e+06,300,0.700739
4.61e+06,310,0.701295
4.61e+06,320,0.702174
4.61e+06,330,0.703517
4.61e+06,340,0.705506
4.61e+06,350,0.708377
4.61e+06,360,0.712429
4.61e+06,370,0.718035
4.61e+06,380,0.725666
4.61e+06,390,0.735915
4.61e+06,400,0.749542
4.61e+06,410,0.767536
4.61e+06,420,0.791215
4.61e+06,430,0.822394
4.61e+06,440,0.86365
4.61e+06,450,0.918803
4.61e+06,460,0.993793
4.61e+06,470,1
4.61e+06,480,1
4.61e+06,490,1
4.61e+06,500,1
4.61e+06,510,1
4.61e+06,520,1
4.61e+06,530,1
4.61e+06,540,1
4.61e+06,550,1
4.61e+06,560,1
4.61e+06,570,1
4.61e+06,580,1
4.61e+06,590,1
4.71e+06,100,1e-07
4.71e+06,110,1e-07
4.71e+06,120,1e-07
4.71e+06,130,1e-07
4.71e+06,140,1e-07
4.71e+06,150,1e-07
4.71e+06,160,1e-07
4.71e+06,170,1e-07
4.71e+06,180,1e-07
4.71e+06,190,1e-07
4.71e+06,200,1e-07
4.71e+06,210,1e-07
4.71e+06,220,1e-07
4.71e+06,230,1e-07
4.71e+06,240,1e-07
4.71e+06,250,1e-07
4.71e+06,260,1e-07
4.71e+06,270,1e-07
4.71e+06,280,1e-07
4.71e+06,290,1e-08
4.71e+06,300,0.700735
4.71e+06,310,0.701284
4.71e+06,320,0.702151
4.71e+06,330,0.703475
4.71e+06,340,0.705436
4.71e+06,350,0.708264
4.71e+06,360,0.712252
4.71e+06,370,0.717766
4.71e+06,380,0.725266
4.71e+06,390,0.735332
4.71e+06,400,0.748704
4.71e+06,410,0.766342
4.71e+06,420,0.789524
4.71e+06,430,0.820001
4.71e+06,440,0.860249
4.71e+06,450,0.91392
4.71e+06,460,0.986651
4.71e+06,470,1
4.71e+06,480,1
4.71e+06,490,1
4.71e+06,500,1
4.71e+06,510,1
4.71e+06,520,1
4.71e+06,530,1
4.71e+06,540,1
4.71e+06,550,1
4.71e+06,560,1
4.71e+06,570,1
4.71e+06,580,1
4.71e+06,590,1
4.81e+06,100,1e-07
4.81e+06,110,1e-07
4.81e+06,120,1e-07
4.81e+06,130,1e-07
4.81e+06,140,1e-07
4.81e+06,150,1e-07
4.81e+06,160,1e-07
4.81e+06,170,1e-07
4.81e+06,180,1e-07
4.81e+06,190,1e-07
4.81e+06,200,1e-07
4.81e+06,210,1e-07
4.81e+06,220,1e-07
4.81e+06,230,1e-07
4.81e+06,240,1e-07
4.81e+06,250,1e-07
4.81e+06,260,1e-07
4.81e+06,270,1e-07
4.81e+06,280,1e-07
4.81e+06,290,1e-08
4.81e+06,300,1e-08
4.81e+06,310,0.701273
4.81e+06,320,0.70213
4.81e+06,330,0.703436
4.81e+06,340,0.705369
4.81e+06,350,0.708156
4.81e+06,360,0.712083
4.81e+06,370,0.71751
4.81e+06,380,0.724885
4.81e+06,390,0.734776
4.81e+06,400,0.747904
4.81e+06,410,0.765203
4.81e+06,420,0.787912
4.81e+06,430,0.817723
4.81e+06,440,0.857018
4.81e+06,450,0.909292
4.81e+06,460,0.979906
4.81e+06,470,1
4.81e+06,480,1
4.81e+06,490,1
4.81e+06,500,1
4.81e+06,510,1
4.81e+06,520,1
4.81e+06,530,1
4.81e+06,540,1
4.81e+06,550,1
4.81e+06,560,1
4.81e+06,570,1
4.81e+06,580,1
4.81e+06,590,1
4.91e+06,100,1e-07
4.91e+06,110,1e-07
4.91e+06,120,1e-07
4.91e+06,130,1e-07
4.91e+06,140,1e-07
4.91e+06,150,1e-07
4.91e+06,160,1e-07
4.91e+06,170,1e-07
4.91e+06,180,1e-07
4.91e+06,190,1e-07
4.91e+06,200,1e-07
4.91e+06,210,1e-07
4.91e+06,220,1e-07
4.91e+06,230,1e-07
4.91e+06,240,1e-07
4.91e+06,250,1e-07
4.91e+06,260,1e-07
4.91e+06,270,1e-07
4.91e+06,280,1e-07
4.91e+06,290,1e-08
4.91e+06,300,1e-08
4.91e+06,310,0.701263
4.91e+06,320,0.702109
4.91e+06,330,0.703399
4.91e+06,340,0.705306
4.91e+06,350,0.708054
4.91e+06,360,0.711922
4.91e+06,370,0.717265
4.91e+06,380,0.724521
4.91e+06,390,0.734245
4.91e+06,400,0.74714
4.91e+06,410,0.764116
4.91e+06,420,0.786375
4.91e+06,430,0.815553
4.91e+06,440,0.853945
4.91e+06,450,0.9049
4.91e+06,460,0.973527
4.91e+06,470,1
4.91e+06,480,1
4.91e+06,490,1
4.91e+06,500,1
4.91e+06,510,1
4.91e+06,520,1
4.91e+06,530,1
4.91e+06,540,1
4.91e+06,550,1
4.91e+06,560,1
4.91e+06,570,1
4.91e+06,580,1
4.91e+06,590,1
5.01e+06,100,1e-07
5.01e+06,110,1e-07
5.01e+06,120,1e-07
5.01e+06,130,1e-07
5.01e+06,140,1e-07
5.01e+06,150,1e-07
5.01e+06,160,1e-07
5.01e+06,170,1e-07
5.01e+06,180,1e-07
5.01e+06,190,1e-07
5.01e+06,200,1e-07
5.01e+06,210,1e-07
5.01e+06,220,1e-07
5.01e+06,230,1e-07
5.01e+06,240,1e-07
5.01e+06,250,1e-07
5.01e+06,260,1e-07
5.01e+06,270,1e-07
5.01e+06,280,1e-07
5.01e+06,290,1e-08
5.01e+06,300,1e-08
5.01e+06,310,0.701254
5.01e+06,320,0.702091
5.01e+06,330,0.703365
5.01e+06,340,0.705247
5.01e+06,350,0.707956
5.01e+06,360,0.711769
5.01e+06,370,0.717031
5.01e+06,380,0.724173
5.01e+06,390,0.733737
5.01e+06,400,0.746409
5.01e+06,410,0.763077
5.01e+06,420,0.784907
5.01e+06,430,0.813483
5.01e+06,440,0.851019
5.01e+06,450,0.900728
5.01e+06,460,0.967485
5.01e+06,470,1
5.01e+06,480,1
5.01e+06,490,1
5.01e+06,500,1
5.01e+06,510,1
5.01e+06,520,1
5.01e+06,530,1
5.01e+06,540,1
5.01e+06,550,1
5.01e+06,560,1
5.01e+06,570,1
5.01e+06,580,1
5.01e+06,590,1
5.11e+06,100,1e-07
5.11e+06,110,1e-07
5.11e+06,120,1e-07
5.11e+06,130,1e-07
5.11e+06,140,1e-07
5.11e+06,150,1e-07
5.11e+06,160,1e-07
5.11e+06,170,1e-07
5.11e+06,180,1e-07
5.11e+06,190,1e-07
5.11e+06,200,1e-07
5.11e+06,210,1e-07
5.11e+06,220,1e-07
5.11e+06,230,1e-07
5.11e+06,240,1e-07
5.11e+06,250,1e-07
5.11e+06,260,1e-07
5.11e+06,270,1e-07
5.11e+06,280,1e-07
5.11e+06,290,1e-08
5.11e+06,300,1e-08
5.11e+06,310,0.701246
5.11e+06,320,0.702073
5.11e+06,330,0.703332
5.11e+06,340,0.70519
5.11e+06,350,0.707864
5.11e+06,360,0.711623
5.11e+06,370,0.716808
5.11e+06,380,0.72384
5.11e+06,390,0.733251
5.11e+06,400,0.745711
5.11e+06,410,0.762084
5.11e+06,420,0.783505
5.11e+06,430,0.811508
5.11e+06,440,0.84823
5.11e+06,450,0.896759
5.11e+06,460,0.961753
5.11e+06,470,1
5.11e+06,480,1
5.11e+06,490,1
5.11e+06,500,1
5.11e+06,510,1
5.11e+06,520,1
5.11e+06,530,1
5.11e+06,540,1
5.11e+06,550,1
5.11e+06,560,1
5.11e+06,570,1
5.11e+06,580,1
5.11e+06,590,1
5.21e+06,100,1e-07
5.21e+06,110,1e-07
5.21e+06,120,1e-07
5.21e+06,130,1e-07
5.21e+06,140,1e-07
5.21e+06,150,1e-07
5.21e+06,160,1e-07
5.21e+06,170,1e-07
5.21e+06,180,1e-07
5.21e+06,190,1e-07
5.21e+06,200,1e-07
5.21e+06,210,1e-07
5.21e+06,220,1e-07
5.21e+06,230,1e-07
5.21e+06,240,1e-07
5.21e+06,250,1e-07
5.21e+06,260,1e-07
5.21e+06,270,1e-07
5.21e+06,280,1e-07
5.21e+06,290,1e-08
5.21e+06,300,1e-08
5.21e+06,310,0.701239
5.21e+06,320,0.702057
5.21e+06,330,0.703301
5.21e+06,340,0.705137
5.21e+06,350,0.707775
5.21e+06,360,0.711484
5.21e+06,370,0.716594
5.21e+06,380,0.723522
5.21e+06,390,0.732786
5.21e+06,400,0.745042
5.21e+06,410,0.761133
5.21e+06,420,0.782163
5.21e+06,430,0.809619
5.21e+06,440,0.845568
5.21e+06,450,0.892979
5.21e+06,460,0.95631
5.21e+06,470,1
5.21e+06,480,1
5.21e+06,490,1
5.21e+06,500,1
5.21e+06,510,1
5.21e+06,520,1
5.21e+06,530,1
5.21e+06,540,1
5.21e+06,550,1
5.21e+06,560,1
5.21e+06,570,1
5.21e+06,580,1
5.21e+06,590,1
5.31e+06,100,1e-07
5.31e+06,110,1e-07
5.31e+06,120,1e-07
5.31e+06,130,1e-07
5.31e+06,140,1e-07
5.31e+06,150,1e-07
5.31e+06,160,1e-07
5.31e+06,170,1e-07
5.31e+06,180,1e-07
5.31e+06,190,1e-07
5.31e+06,200,1e-07
5.31e+06,210,1e-07
5.31e+06,220,1e-07
5.31e+06,230,1e-07
5.31e+06,240,1e-07
5.31e+06,250,1e-07
5.31e+06,260,1e-07
5.31e+06,270,1e-07
5.31e+06,280,1e-07
5.31e+06,290,1e-08
5.31e+06,300,1e-08
5.31e+06,310,0.701233
5.31e+06,320,0.702042
5.31e+06,330,0.703272
5.31e+06,340,0.705086
5.31e+06,350,0.707691
5.31e+06,360,0.71135
5.31e+06,370,0.71639
5.31e+06,380,0.723218
5.31e+06,390,0.732341
5.31e+06,400,0.744402
5.31e+06,410,0.760223
5.31e+06,420,0.780879
5.31e+06,430,0.807814
5.31e+06,440,0.843025
5.31e+06,450,0.889375
5.31e+06,460,0.951135
5.31e+06,470,1
5.31e+06,480,1
5.31e+06,490,1
5.31e+06,500,1
5.31e+06,510,1
5.31e+06,520,1
5.31e+06,530,1
5.31e+06,540,1
5.31e+06,550,1
5.31e+06,560,1
5.31e+06,570,1
5.31e+06,580,1
5.31e+06,590,1
5.41e+06,100,1e-07
5.41e+06,110,1e-07
5.41e+06,120,1e-07
5.41e+06,130,1e-07
5.41e+06,140,1e-07
5.41e+06,150,1e-07
5.41e+06,160,1e-07
5.41e+06,170,1e-07
5.41e+06,180,1e-07
5.41e+06,190,1e-07
5.41e+06,200,1e-07
5.41e+06,210,1e-07
5.41e+06,220,1e-07
5.41e+06,230,1e-07
5.41e+06,240,1e-07
5.41e+06,250,1e-07
5.41e+06,260,1e-07
5.41e+06,270,1e-07
5.41e+06,280,1e-07
5.41e+06,290,1e-07
5.41e+06,300,1e-08
5.41e+06,310,0.701228
5.41e+06,320,0.702029
5.41e+06,330,0.703245
5.41e+06,340,0.705038
5.41e+06,350,0.707611
5.41e+06,360,0.711223
5.41e+06,370,0.716195
5.41e+06,380,0.722926
5.41e+06,390,0.731914
5.41e+06,400,0.743788
5.41e+06,410,0.75935
5.41e+06,420,0.779648
5.41e+06,430,0.806085
5.41e+06,440,0.840594
5.41e+06,450,0.885935
5.41e+06,460,0.946207
5.41e+06,470,1
5.41e+06,480,1
5.41e+06,490,1
5.41e+06,500,1
5.41e+06,510,1
5.41e+06,520,1
5.41e+06,530,1
5.41e+06,540,1
5.41e+06,550,1
5.41e+06,560,1
5.41e+06,570,1
5.41e+06,580,1
5.41e+06,590,1
5.51e+06,100,1e-07
5.51e+06,110,1e-07
5.51e+06,120,1e-07
5.51e+06,130,1e-07
5.51e+06,140,1e-07
5.51e+06,150,1e-07
5.51e+06,160,1e-07
5.51e+06,170,1e-07
5.51e+06,180,1e-07
5.51e+06,190,1e-07
5.51e+06,200,1e-07
5.51e+06,210,1e-07
5.51e+06,220,1e-07
5.51e+06,230,1e-07
5.51e+06,240,1e-07
5.51e+06,250,1e-07
5.51e+06,260,1e-07
5.51e+06,270,1e-07
5.51e+06,280,1e-07
5.51e+06,290,1e-07
5.51e+06,300,1e-08
5.51e+06,310,0.701224
5.51e+06,320,0.702016
5.51e+06,330,0.70322
5.51e+06,340,0.704992
5.51e+06,350,0.707535
5.51e+06,360,0.711102
5.51e+06,370,0.716008
5.51e+06,380,0.722646
5.51e+06,390,0.731505
5.51e+06,400,0.743199
5.51e+06,410,0.758513
5.51e+06,420,0.778468
5.51e+06,430,0.804428
5.51e+06,440,0.838268
5.51e+06,450,0.88265
5.51e+06,460,0.941511
5.51e+06,470,1
5.51e+06,480,1
5.51e+06,490,1
5.51e+06,500,1
5.51e+06,510,1
5.51e+06,520,1
5.51e+06,530,1
5.51e+06,540,1
5.51e+06,550,1
5.51e+06,560,1
5.51e+06,570,1
5.51e+06,580,1
5.51e+06,590,1
5.61e+06,100,1e-07
5.61e+06,110,1e-07
5.61e+06,120,1e-07
5.61e+06,130,1e-07
5.61e+06,140,1e-07
5.61e+06,150,1e-07
5.61e+06,160,1e-07
5.61e+06,170,1e-07
5.61e+06,180,1e-07
5.61e+06,190,1e-07
5.61e+06,200,1e-07
5.61e+06,210,1e-07
5.61e+06,220,1e-07
5.61e+06,230,1e-07
5.61e+06,240,1e-07
5.61e+06,250,1e-07
5.61e+06,260,1e-07
5.61e+06,270,1e-07
5.61e+06,280,1e-07
5.61e+06,290,1e-07
5.61e+06,300,1e-08
5.61e+06,310,0.70122
5.61e+06,320,0.702005
5.61e+06,330,0.703196
5.61e+06,340,0.704949
5.61e+06,350,0.707462
5.61e+06,360,0.710985
5.61e+06,370,0.715829
5.61e+06,380,0.722378
5.61e+06,390,0.731112
5.61e+06,400,0.742634
5.61e+06,410,0.757709
5.61e+06,420,0.777336
5.61e+06,430,0.80284
5.61e+06,440,0.83604
5.61e+06,450,0.879508
5.61e+06,460,0.937031
5.61e+06,470,1
5.61e+06,480,1
5.61e+06,490,1
5.61e+06,500,1
5.61e+06,510,1
5.61e+06,520,1
5.61e+06,530,1
5.61e+06,540,1
5.61e+06,550,1
5.61e+06,560,1
5.61e+06,570,1
5.61e+06,580,1
5.61e+06,590,1
5.71e+06,100,1e-07
5.71e+06,110,1e-07
5.71e+06,120,1e-07
5.71e+06,130,1e-07
5.71e+06,140,1e-07
5.71e+06,150,1e-07
5.71e+06,160,1e-07
5.71e+06,170,1e-07
5.71e+06,180,1e-07
5.71e+06,190,1e-07
5.71e+06,200,1e-07
5.71e+06,210,1e-07
5.71e+06,220,1e-07
5.71e+06,230,1e-07
5.71e+06,240,1e-07
5.71e+06,250,1e-07
5.71e+06,260,1e-07
5.71e+06,270,1e-07
5.71e+06,280,1e-07
5.71e+06,290,1e-07
5.71e+06,300,1e-08
5.71e+06,310,0.701218
5.71e+06,320,0.701995
5.71e+06,330,0.703174
5.71e+06,340,0.704908
5.71e+06,350,0.707393
5.71e+06,360,0.710874
5.71e+06,370,0.715658
5.71e+06,380,0.722121
5.71e+06,390,0.730735
5.71e+06,400,0.742091
5.71e+06,410,0.756938
5.71e+06,420,0.776249
5.71e+06,430,0.801317
5.71e+06,440,0.833904
5.71e+06,450,0.8765
5.71e+06,460,0.932752
5.71e+06,470,1
5.71e+06,480,1
5.71e+06,490,1
5.71e+06,500,1
5.71e+06,510,1
5.71e+06,520,1
5.71e+06,530,1
5.71e+06,540,1
5.71e+06,550,1
5.71e+06,560,1
5.71e+06,570,1
5.71e+06,580,1
5.71e+06,590,1
5.81e+06,100,1e-07
5.81e+06,110,1e-07
5.81e+06,120,1e-07
5.81e+06,130,1e-07
5.81e+06,140,1e-07
5.81e+06,150,1e-07
5.81e+06,160,1e-07
5.81e+06,170,1e-07
5.81e+06,180,1e-07
5.81e+06,190,1e-07
5.81e+06,200,1e-07
5.81e+06,210,1e-07
5.81e+06,220,1e-07
5.81e+06,230,1e-07
5.81e+06,240,1e-07
5.81e+06,250,1e-07
5.81e+06,260,1e-07
5.81e+06,270,1e-07
5.81e+06,280,1e-07
5.81e+06,290,1e-07
5.81e+06,300,1e-08
5.81e+06,310,0.701216
5.81e+06,320,0.701986
5.81e+06,330,0.703153
5.81e+06,340,0.704869
5.81e+06,350,0.707327
5.81e+06,360,0.710768
5.81e+06,370,0.715493
5.81e+06,380,0.721874
5.81e+06,390,0.730373
5.81e+06,400,0.741569
5.81e+06,410,0.756196
5.81e+06,420,0.775205
5.81e+06,430,0.799853
5.81e+06,440,0.831855
5.81e+06,450,0.87362
5.81e+06,460,0.928661
5.81e+06,470,1
5.81e+06,480,1
5.81e+06,490,1
5.81e+06,500,1
5.81e+06,510,1
5.81e+06,520,1
5.81e+06,530,1
5.81e+06,540,1
5.81e+06,550,1
5.81e+06,560,1
5.81e+06,570,1
5.81e+06,580,1
5.81e+06,590,1
5.91e+06,100,1e-07
5.91e+06,110,1e-07
5.91e+06,120,1e-07
5.91e+06,130,1e-07
5.91e+06,140,1e-07
5.91e+06,150,1e-07
5.91e+06,160,1e-07
5.91e+06,170,1e-07
5.91e+06,180,1e-07
5.91e+06,190,1e-07
5.91e+06,200,1e-07
5.91e+06,210,1e-07
5.91e+06,220,1e-07
5.91e+06,230,1e-07
5.91e+06,240,1e-07
5.91e+06,250,1e-07
5.91e+06,260,1e-07
5.91e+06,270,1e-07
5.91e+06,280,1e-07
5.91e+06,290,1e-07
5.91e+06,300,1e-08
5.91e+06,310,1e-08
5.91e+06,320,0.701978
5.91e+06,330,0.703134
5.91e+06,340,0.704833
5.91e+06,350,0.707265
5.91e+06,360,0.710667
5.91e+06,370,0.715336
5.91e+06,380,0.721637
5.91e+06,390,0.730025
5.91e+06,400,0.741067
5.91e+06,410,0.755483
5.91e+06,420,0.774201
5.91e+06,430,0.798447
5.91e+06,440,0.829889
5.91e+06,450,0.870858
5.91e+06,460,0.924747
5.91e+06,470,0.996699
5.91e+06,480,1
5.91e+06,490,1
5.91e+06,500,1
5.91e+06,510,1
5.91e+06,520,1
5.91e+06,530,1
5.91e+06,540,1
5.91e+06,550,1
5.91e+06,560,1
5.91e+06,570,1
5.91e+06,580,1
5.91e+06,590,1
6.01e+06,100,1e-07
6.01e+06,110,1e-07
6.01e+06,120,1e-07
6.01e+06,130,1e-07
6.01e+06,140,1e-07
6.01e+06,150,1e-07
6.01e+06,160,1e-07
6.01e+06,170,1e-07
6.01e+06,180,1e-07
6.01e+06,190,1e-07
6.01e+06,200,1e-07
6.01e+06,210,1e-07
6.01e+06,220,1e-07
6.01e+06,230,1e-07
6.01e+06,240,1e-07
6.01e+06,250,1e-07
6.01e+06,260,1e-07
6.01e+06,270,1e-07
6.01e+06,280,1e-07
6.01e+06,290,1e-07
6.01e+06,300,1e-08
6.01e+06,310,1e-08
6.01e+06,320,0.701971
6.01e+06,330,0.703116
6.01e+06,340,0.704799
6.01e+06,350,0.707205
6.01e+06,360,0.71057
6.01e+06,370,0.715185
6.01e+06,380,0.721409
6.01e+06,390,0.72969
6.01e+06,400,0.740585
6.01e+06,410,0.754797
6.01e+06,420,0.773235
6.01e+06,430,0.797095
6.01e+06,440,0.827999
6.01e+06,450,0.868209
6.01e+06,460,0.920999
6.01e+06,470,0.991313
6.01e+06,480,1
6.01e+06,490,1
6.01e+06,500,1
6.01e+06,510,1
6.01e+06,520,1
6.01e+06,530,1
6.01e+06,540,1
6.01e+06,550,1
6.01e+06,560,1
6.01e+06,570,1
6.01e+06,580,1
6.01e+06,590,1
6.11e+06,100,1e-07
6.11e+06,110,1e-07
6.11e+06,120,1e-07
6.11e+06,130,1e-07
6.11e+06,140,1e-07
6.11e+06,150,1e-07
6.11e+06,160,1e-07
6.11e+06,170,1e-07
6.11e+06,180,1e-07
6.11e+06,190,1e-07
6.11e+06,200,1e-07
6.11e+06,210,1e-07
6.11e+06,220,1e-07
6.11e+06,230,1e-07
6.11e+06,240,1e-07
6.11e+06,250,1e-07
6.11e+06,260,1e-07
6.11e+06,270,1e-07
6.11e+06,280,1e-07
6.11e+06,290,1e-07
6.11e+06,300,1e-08
6.11e+06,310,1e-08
6.11e+06,320,0.701965
6.11e+06,330,0.7031
6.11e+06,340,0.704766
6.11e+06,350,0.707148
6.11e+06,360,0.710477
6.11e+06,370,0.71504
6.11e+06,380,0.721191
6.11e+06,390,0.729368
6.11e+06,400,0.74012
6.11e+06,410,0.754136
6.11e+06,420,0.772305
6.11e+06,430,0.795794
6.11e+06,440,0.826183
6.11e+06,450,0.865665
6.11e+06,460,0.917406
6.11e+06,470,0.986163
6.11e+06,480,1
6.11e+06,490,1
6.11e+06,500,1
6.11e+06,510,1
6.11e+06,520,1
6.11e+06,530,1
6.11e+06,540,1
6.11e+06,550,1
6.11e+06,560,1
6.11e+06,570,1
6.11e+06,580,1
6.11e+06,590,1
6.21e+06,100,1e-07
6.21e+06,110,1e-07
6.21e+06,120,1e-07
6.21e+06,130,1e-07
6.21e+06,140,1e-07
6.21e+06,150,1e-07
6.21e+06,160,1e-07
6.21e+06,170,1e-07
6.21e+06,180,1e-07
6.21e+06,190,1e-07
6.21e+06,200,1e-07
6.21e+06,210,1e-07
6.21e+06,220,1e-07
6.21e+06,230,1e-07
6.21e+06,240,1e-07
6.21e+06,250,1e-07
6.21e+06,260,1e-07
6.21e+06,270,1e-07
6.21e+06,280,1e-07
6.21e+06,290,1e-07
6.21e+06,300,1e-08
6.21e+06,310,1e-08
6.21e+06,320,0.70196
6.21e+06,330,0.703085
6.21e+06,340,0.704736
6.21e+06,350,0.707094
6.21e+06,360,0.710388
6.21e+06,370,0.714901
6.21e+06,380,0.72098
6.21e+06,390,0.729059
6.21e+06,400,0.739673
6.21e+06,410,0.7535
6.21e+06,420,0.771409
6.21e+06,430,0.794542
6.21e+06,440,0.824435
6.21e+06,450,0.86322
6.21e+06,460,0.913959
6.21e+06,470,0.981234
6.21e+06,480,1
6.21e+06,490,1
6.21e+06,500,1
6.21e+06,510,1
6.21e+06,520,1
6.21e+06,530,1
6.21e+06,540,1
6.21e+06,550,1
6.21e+06,560,1
6.21e+06,570,1
6.21e+06,580,1
6.21e+06,590,1
6.31e+06,100,1e-07
6.31e+06,110,1e-07
6.31e+06,120,1e-07
6.31e+06,130,1e-07
6.31e+06,140,1e-07
6.31e+06,150,1e-07
6.31e+06,160,1e-07
6.31e+06,170,1e-07
6.31e+06,180,1e-07
6.31e+06,190,1e-07
6.31e+06,200,1e-07
6.31e+06,210,1e-07
6.31e+06,220,1e-07
6.31e+06,230,1e-07
6.31e+06,240,1e-07
6.31e+06,250,1e-07
6.31e+06,260,1e-07
6.31e+06,270,1e-07
6.31e+06,280,1e-07
6.31e+06,290,1e-07
6.31e+06,300,1e-08
6.31e+06,310,1e-08
6.31e+06,320,0.701956
6.31e+06,330,0.703071
6.31e+06,340,0.704707
6.31e+06,350,0.707043
6.31e+06,360,0.710303
6.31e+06,370,0.714767
6.31e+06,380,0.720778
6.31e+06,390,0.72876
6.31e+06,400,0.739242
6.31e+06,410,0.752886
6.31e+06,420,0.770546
6.31e+06,430,0.793336
6.31e+06,440,0.822753
6.31e+06,450,0.860869
6.31e+06,460,0.91065
6.31e+06,470,0.976512
6.31e+06,480,1
6.31e+06,490,1
6.31e+06,500,1
6.31e+06,510,1
6.31e+06,520,1
6.31e+06,530,1
6.31e+06,540,1
6.31e+06,550,1
6.31e+06,560,1
6.31e+06,570,1
6.31e+06,580,1
6.31e+06,590,1
6.41e+06,100,1e-07
6.41e+06,110,1e-07
6.41e+06,120,1e-07
6.41e+06,130,1e-07
6.41e+06,140,1e-07
6.41e+06,150,1e-07
6.41e+06,160,1e-07
6.41e+06,170,1e-07
6.41e+06,180,1e-07
6.41e+06,190,1e-07
6.41e+06,200,1e-07
6.41e+06,210,1e-07
6.41e+06,220,1e-07
6.41e+06,230,1e-07
6.41e+06,240,1e-07
6.41e+06,250,1e-07
6.41e+06,260,1e-07
6.41e+06,270,1e-07
6.41e+06,280,1e-07
6.41e+06,290,1e-07
6.41e+06,300,1e-08
6.41e+06,310,1e-08
6.41e+06,320,0.701953
6.41e+06,330,0.703059
6.41e+06,340,0.70468
6.41e+06,350,0.706994
6.41e+06,360,0.710222
6.41e+06,370,0.714639
6.41e+06,380,0.720584
6.41e+06,390,0.728473
6.41e+06,400,0.738826
6.41e+06,410,0.752295
6.41e+06,420,0.769714
6.41e+06,430,0.792173
6.41e+06,440,0.821133
6.41e+06,450,0.858608
6.41e+06,460,0.907471
6.41e+06,470,0.971986
6.41e+06,480,1
6.41e+06,490,1
6.41e+06,500,1
6.41e+06,510,1
6.41e+06,520,1
6.41e+06,530,1
6.41e+06,540,1
6.41e+06,550,1
6.41e+06,560,1
6.41e+06,570,1
6.41e+06,580,1
6.41e+06,590,1
6.51e+06,100,1e-07
6.51e+06,110,1e-07
6.51e+06,120,1e-07
6.51e+06,130,1e-07
6.51e+06,140,1e-07
6.51e+06,150,1e-07
6.51e+06,160,1e-07
6.51e+06,170,1e-07
6.51e+06,180,1e-07
6.51e+06,190,1e-07
6.51e+06,200,1e-07
6.51e+06,210,1e-07
6.51e+06,220,1e-07
6.51e+06,230,1e-07
6.51e+06,240,1e-07
6.51e+06,250,1e-07
6.51e+06,260,1e-07
6.51e+06,270,1e-07
6.51e+06,280,1e-07
6.51e+06,290,1e-07
6.51e+06,300,1e-08
6.51e+06,310,1e-08
6.51e+06,320,0.701952
6.51e+06,330,0.703048
6.51e+06,340,0.704655
6.51e+06,350,0.706948
6.51e+06,360,0.710145
6.51e+06,370,0.714516
6.51e+06,380,0.720397
6.51e+06,390,0.728196
6.51e+06,400,0.738426
6.51e+06,410,0.751725
6.51e+06,420,0.768911
6.51e+06,430,0.791052
6.51e+06,440,0.819571
6.51e+06,450,0.85643
6.51e+06,460,0.904415
6.51e+06,470,0.967643
6.51e+06,480,1
6.51e+06,490,1
6.51e+06,500,1
6.51e+06,510,1
6.51e+06,520,1
6.51e+06,530,1
6.51e+06,540,1
6.51e+06,550,1
6.51e+06,560,1
6.51e+06,570,1
6.51e+06,580,1
6.51e+06,590,1
6.61e+06,100,1e-07
6.61e+06,110,1e-07
6.61e+06,120,1e-07
6.61e+06,130,1e-07
6.61e+06,140,1e-07
6.61e+06,150,1e-07
6.61e+06,160,1e-07
6.61e+06,170,1e-07
6.61e+06,180,1e-07
6.61e+06,190,1e-07
6.61e+06,200,1e-07
6.61e+06,210,1e-07
6.61e+06,220,1e-07
6.61e+06,230,1e-07
6.61e+06,240,1e-07
6.61e+06,250,1e-07
6.61e+06,260,1e-07
6.61e+06,270,1e-07
6.61e+06,280,1e-07
6.61e+06,290,1e-07
6.61e+06,300,1e-08
6.61e+06,310,1e-08
6.61e+06,320,0.701951
6.61e+06,330,0.703038
6.61e+06,340,0.704632
6.61e+06,350,0.706904
6.61e+06,360,0.71007
6.61e+06,370,0.714398
6.61e+06,380,0.720217
6.61e+06,390,0.72793
6.61e+06,400,0.738039
6.61e+06,410,0.751174
6.61e+06,420,0.768137
6.61e+06,430,0.78997
6.61e+06,440,0.818065
6.61e+06,450,0.854332
6.61e+06,460,0.901475
6.61e+06,470,0.963473
6.61e+06,480,1
6.61e+06,490,1
6.61e+06,500,1
6.61e+06,510,1
6.61e+06,520,1
6.61e+06,530,1
6.61e+06,540,1
6.61e+06,550,1
6.61e+06,560,1
6.61e+06,570,1
6.61e+06,580,1
6.61e+06,590,1
6.71e+06,100,1e-07
6.71e+06,110,1e-07
6.71e+06,120,1e-07
6.71e+06,130,1e-07
6.71e+06,140,1e-07
6.71e+06,150,1e-07
6.71e+06,160,1e-07
6.71e+06,170,1e-07
6.71e+06,180,1e-07
6.71e+06,190,1e-07
6.71e+06,200,1e-07
6.71e+06,210,1e-07
6.71e+06,220,1e-07
6.71e+06,230,1e-07
6.71e+06,240,1e-07
6.71e+06,250,1e-07
6.71e+06,260,1e-07
6.71e+06,270,1e-07
6.71e+06,280,1e-07
6.71e+06,290,1e-07
6.71e+06,300,1e-08
6.71e+06,310,1e-08
6.71e+06,320,0.701951
6.71e+06,330,0.703029
6.71e+06,340,0.70461
6.71e+06,350,0.706862
6.71e+06,360,0.71
6.71e+06,370,0.714285
6.71e+06,380,0.720043
6.71e+06,390,0.727672
6.71e+06,400,0.737666
6.71e+06,410,0.750643
6.71e+06,420,0.767389
6.71e+06,430,0.788925
6.71e+06,440,0.816613
6.71e+06,450,0.85231
6.71e+06,460,0.898644
6.71e+06,470,0.959466
6.71e+06,480,1
6.71e+06,490,1
6.71e+06,500,1
6.71e+06,510,1
6.71e+06,520,1
6.71e+06,530,1
6.71e+06,540,1
6.71e+06,550,1
6.71e+06,560,1
6.71e+06,570,1
6.71e+06,580,1
6.71e+06,590,1
6.81e+06,100,1e-07
6.81e+06,110,1e-07
6.81e+06,120,1e-07
6.81e+06,130,1e-07
6.81e+06,140,1e-07
6.81e+06,150,1e-07
6.81e+06,160,1e-07
6.81e+06,170,1e-07
6.81e+06,180,1e-07
6.81e+06,190,1e-07
6.81e+06,200,1e-07
6.81e+06,210,1e-07
6.81e+06,220,1e-07
6.81e+06,230,1e-07
6.81e+06,240,1e-07
6.81e+06,250,1e-07
6.81e+06,260,1e-07
6.81e+06,270,1e-07
6.81e+06,280,1e-07
6.81e+06,290,1e-07
6.81e+06,300,1e-07
6.81e+06,310,1e-08
6.81e+06,320,0.701953
6.81e+06,330,0.703022
6.81e+06,340,0.70459
6.81e+06,350,0.706823
6.81e+06,360,0.709932
6.81e+06,370,0.714177
6.81e+06,380,0.719877
6.81e+06,390,0.727425
6.81e+06,400,0.737306
6.81e+06,410,0.75013
6.81e+06,420,0.766666
6.81e+06,430,0.787917
6.81e+06,440,0.81521
6.81e+06,450,0.850359
6.81e+06,460,0.895917
6.81e+06,470,0.955612
6.81e+06,480,1
6.81e+06,490,1
6.81e+06,500,1
6.81e+06,510,1
6.81e+06,520,1
6.81e+06,530,1
6.81e+06,540,1
6.81e+06,550,1
6.81e+06,560,1
6.81e+06,570,1
6.81e+06,580,1
6.81e+06,590,1
6.91e+06,100,1e-07
6.91e+06,110,1e-07
6.91e+06,120,1e-07
6.91e+06,130,1e-07
6.91e+06,140,1e-07
6.91e+06,150,1e-07
6.91e+06,160,1e-07
6.91e+06,170,1e-07
6.91e+06,180,1e-07
6.91e+06,190,1e-07
6.91e+06,200,1e-07
6.91e+06,210,1e-07
6.91e+06,220,1e-07
6.91e+06,230,1e-07
6.91e+06,240,1e-07
6.91e+06,250,1e-07
6.91e+06,260,1e-07
6.91e+06,270,1e-07
6.91e+06,280,1e-07
6.91e+06,290,1e-07
6.91e+06,300,1e-07
6.91e+06,310,1e-08
6.91e+06,320,0.701955
6.91e+06,330,0.703016
6.91e+06,340,0.704571
6.91e+06,350,0.706786
6.91e+06,360,0.709867
6.91e+06,370,0.714072
6.91e+06,380,0.719716
6.91e+06,390,0.727185
6.91e+06,400,0.736959
6.91e+06,410,0.749634
6.91e+06,420,0.765968
6.91e+06,430,0.786942
6.91e+06,440,0.813856
6.91e+06,450,0.848477
6.91e+06,460,0.893288
6.91e+06,470,0.951904
6.91e+06,480,1
6.91e+06,490,1
6.91e+06,500,1
6.91e+06,510,1
6.91e+06,520,1
6.91e+06,530,1
6.91e+06,540,1
6.91e+06,550,1
6.91e+06,560,1
6.91e+06,570,1
6.91e+06,580,1
6.91e+06,590,1
7.01e+06,100,1e-07
7.01e+06,110,1e-07
7.01e+06,120,1e-07
7.01e+06,130,1e-07
7.01e+06,140,1e-07
7.01e+06,150,1e-07
7.01e+06,160,1e-07
7.01e+06,170,1e-07
7.01e+06,180,1e-07
7.01e+06,190,1e-07
7.01e+06,200,1e-07
7.01e+06,210,1e-07
7.01e+06,220,1e-07
7.01e+06,230,1e-07
7.01e+06,240,1e-07
7.01e+06,250,1e-07
7.01e+06,260,1e-07
7.01e+06,270,1e-07
7.01e+06,280,1e-07
7.01e+06,290,1e-07
7.01e+06,300,1e-07
7.01e+06,310,1e-08
7.01e+06,320,0.701959
7.01e+06,330,0.703011
7.01e+06,340,0.704554
7.01e+06,350,0.70675
7.01e+06,360,0.709805
7.01e+06,370,0.713972
7.01e+06,380,0.719561
7.01e+06,390,0.726955
7.01e+06,400,0.736623
7.01e+06,410,0.749154
7.01e+06,420,0.765293
7.01e+06,430,0.786
7.01e+06,440,0.812547
7.01e+06,450,0.846659
7.01e+06,460,0.890753
7.01e+06,470,0.948334
7.01e+06,480,1
7.01e+06,490,1
7.01e+06,500,1
7.01e+06,510,1
7.01e+06,520,1
7.01e+06,530,1
7.01e+06,540,1
7.01e+06,550,1
7.01e+06,560,1
7.01e+06,570,1
7.01e+06,580,1
7.01e+06,590,1
7.11e+06,100,1e-07
7.11e+06,110,1e-07
7.11e+06,120,1e-07
7.11e+06,130,1e-07
7.11e+06,140,1e-07
7.11e+06,150,1e-07
7.11e+06,160,1e-07
7.11e+06,170,1e-07
7.11e+06,180,1e-07
7.11e+06,190,1e-07
7.11e+06,200,1e-07
7.11e+06,210,1e-07
7.11e+06,220,1e-07
7.11e+06,230,1e-07
7.11e+06,240,1e-07
7.11e+06,250,1e-07
7.11e+06,260,1e-07
7.11e+06,270,1e-07
7.11e+06,280,1e-07
7.11e+06,290,1e-07
7.11e+06,300,1e-07
7.11e+06,310,1e-08
7.11e+06,320,0.701964
7.11e+06,330,0.703007
7.11e+06,340,0.704538
7.11e+06,350,0.706717
7.11e+06,360,0.709746
7.11e+06,370,0.713876
7.11e+06,380,0.719412
7.11e+06,390,0.726732
7.11e+06,400,0.736299
7.11e+06,410,0.748691
7.11e+06,420,0.76464
7.11e+06,430,0.785089
7.11e+06,440,0.811281
7.11e+06,450,0.844903
7.11e+06,460,0.888307
7.11e+06,470,0.944893
7.11e+06,480,1
7.11e+06,490,1
7.11e+06,500,1
7.11e+06,510,1
7.11e+06,520,1
7.11e+06,530,1
7.11e+06,540,1
7.11e+06,550,1
7.11e+06,560,1
7.11e+06,570,1
7.11e+06,580,1
7.11e+06,590,1
7.21e+06,100,1e-07
7.21e+06,110,1e-07
7.21e+06,120,1e-07
7.21e+06,130,1e-07
7.21e+06,140,1e-07
7.21e+06,150,1e-07
7.21e+06,160,1e-07
7.21e+06,170,1e-07
7.21e+06,180,1e-07
7.21e+06,190,1e-07
7.21e+06,200,1e-07
7.21e+06,210,1e-07
7.21e+06,220,1e-07
7.21e+06,230,1e-07
7.21e+06,240,1e-07
7.21e+06,250,1e-07
7.21e+06,260,1e-07
7.21e+06,270,1e-07
7.21e+06,280,1e-07
7.21e+06,290,1e-07
7.21e+06,300,1e-07
7.21e+06,310,1e-08
7.21e+06,320,1e-08
7.21e+06,330,0.703004
7.21e+06,340,0.704524
7.21e+06,350,0.706686
7.21e+06,360,0.70969
7.21e+06,370,0.713784
7.21e+06,380,0.719269
7.21e+06,390,0.726517
7.21e+06,400,0.735985
7.21e+06,410,0.748243
7.21e+06,420,0.764008
7.21e+06,430,0.784207
7.21e+06,440,0.810057
7.21e+06,450,0.843206
7.21e+06,460,0.885944
7.21e+06,470,0.941576
7.21e+06,480,1
7.21e+06,490,1
7.21e+06,500,1
7.21e+06,510,1
7.21e+06,520,1
7.21e+06,530,1
7.21e+06,540,1
7.21e+06,550,1
7.21e+06,560,1
7.21e+06,570,1
7.21e+06,580,1
7.21e+06,590,1
7.31e+06,100,1e-07
7.31e+06,110,1e-07
7.31e+06,120,1e-07
7.31e+06,130,1e-07
7.31e+06,140,1e-07
7.31e+06,150,1e-07
7.31e+06,160,1e-07
7.31e+06,170,1e-07
7.31e+06,180,1e-07
7.31e+06,190,1e-07
7.31e+06,200,1e-07
7.31e+06,210,1e-07
7.31e+06,220,1e-07
7.31e+06,230,1e-07
7.31e+06,240,1e-07
7.31e+06,250,1e-07
7.31e+06,260,1e-07
7.31e+06,270,1e-07
7.31e+06,280,1e-07
7.31e+06,290,1e-07
7.31e+06,300,1e-07
7.31e+06,310,1e-08
7.31e+06,320,1e-08
7.31e+06,330,0.703003
7.31e+06,340,0.704511
7.31e+06,350,0.706657
7.31e+06,360,0.709637
7.31e+06,370,0.713695
7.31e+06,380,0.71913
7.31e+06,390,0.726309
7.31e+06,400,0.735682
7.31e+06,410,0.747809
7.31e+06,420,0.763397
7.31e+06,430,0.783354
7.31e+06,440,0.808873
7.31e+06,450,0.841564
7.31e+06,460,0.883662
7.31e+06,470,0.938377
7.31e+06,480,1
7.31e+06,490,1
7.31e+06,500,1
7.31e+06,510,1
7.31e+06,520,1
7.31e+06,530,1
7.31e+06,540,1
7.31e+06,550,1
7.31e+06,560,1
7.31e+06,570,1
7.31e+06,580,1
7.31e+06,590,1
7.41e+06,100,1e-07
7.41e+06,110,1e-07
7.41e+06,120,1e-07
7.41e+06,130,1e-07
7.41e+06,140,1e-07
7.41e+06,150,1e-07
7.41e+06,160,1e-07
7.41e+06,170,1e-07
7.41e+06,180,1e-07
7.41e+06,190,1e-07
7.41e+06,200,1e-07
7.41e+06,210,1e-07
7.41e+06,220,1e-07
7.41e+06,230,1e-07
7.41e+06,240,1e-07
7.41e+06,250,1e-07
7.41e+06,260,1e-07
7.41e+06,270,1e-07
7.41e+06,280,1e-07
7.41e+06,290,1e-07
7.41e+06,300,1e-07
7.41e+06,310,1e-08
7.41e+06,320,1e-08
7.41e+06,330,0.703002
7.41e+06,340,0.7045
7.41e+06,350,0.706629
7.41e+06,360,0.709586
7.41e+06,370,0.71361
7.41e+06,380,0.718997
7.41e+06,390,0.726109
7.41e+06,400,0.735389
7.41e+06,410,0.74739
7.41e+06,420,0.762805
7.41e+06,430,0.782528
7.41e+06,440,0.807727
7.41e+06,450,0.839977
7.41e+06,460,0.881457
7.41e+06,470,0.935288
7.41e+06,480,1
7.41e+06,490,1
7.41e+06,500,1
7.41e+06,510,1
7.41e+06,520,1
7.41e+06,530,1
7.41e+06,540,1
7.41e+06,550,1
7.41e+06,560,1
7.41e+06,570,1
7.41e+06,580,1
7.41e+06,590,1
7.51e+06,100,1e-07
7.51e+06,110,1e-07
7.51e+06,120,1e-07
7.51e+06,130,1e-07
7.51e+06,140,1e-07
7.51e+06,150,1e-07
7.51e+06,160,1e-07
7.51e+06,170,1e-07
7.51e+06,180,1e-07
7.51e+06,190,1e-07
7.51e+06,200,1e-07
7.51e+06,210,1e-07
7.51e+06,220,1e-07
7.51e+06,230,1e-07
7.51e+06,240,1e-07
7.51e+06,250,1e-07
7.51e+06,260,1e-07
7.51e+06,270,1e-07
7.51e+06,280,1e-07
7.51e+06,290,1e-07
7.51e+06,300,1e-07
7.51e+06,310,1e-08
7.51e+06,320,1e-08
7.51e+06,330,0.703003
7.51e+06,340,0.704489
7.51e+06,350,0.706603
7.51e+06,360,0.709537
7.51e+06,370,0.713528
7.51e+06,380,0.718869
7.51e+06,390,0.725915
7.51e+06,400,0.735106
7.51e+06,410,0.746983
7.51e+06,420,0.762232
7.51e+06,430,0.781728
7.51e+06,440,0.806617
7.51e+06,450,0.83844
7.51e+06,460,0.879324
7.51e+06,470,0.932305
7.51e+06,480,1
7.51e+06,490,1
7.51e+06,500,1
7.51e+06,510,1
7.51e+06,520,1
7.51e+06,530,1
7.51e+06,540,1
7.51e+06,550,1
7.51e+06,560,1
7.51e+06,570,1
7.51e+06,580,1
7.51e+06,590,1
7.61e+06,100,1e-07
7.61e+06,110,1e-07
7.61e+06,120,1e-07
7.61e+06,130,1e-07
7.61e+06,140,1e-07
7.61e+06,150,1e-07
7.61e+06,160,1e-07
7.61e+06,170,1e-07
7.61e+06,180,1e-07
7.61e+06,190,1e-07
7.61e+06,200,1e-07
7.61e+06,210,1e-07
7.61e+06,220,1e-07
7.61e+06,230,1e-07
7.61e+06,240,1e-07
7.61e+06,250,1e-07
7.61e+06,260,1e-07
7.61e+06,270,1e-07
7.61e+06,280,1e-07
7.61e+06,290,1e-07
7.61e+06,300,1e-07
7.61e+06,310,1e-08
7.61e+06,320,1e-08
7.61e+06,330,0.703005
7.61e+06,340,0.704481
7.61e+06,350,0.706579
7.61e+06,360,0.709491
7.61e+06,370,0.71345
7.61e+06,380,0.718746
7.61e+06,390,0.725729
7.61e+06,400,0.734832
7.61e+06,410,0.74659
7.61e+06,420,0.761677
7.61e+06,430,0.780952
7.61e+06,440,0.805541
7.61e+06,450,0.836952
7.61e+06,460,0.87726
7.61e+06,470,0.929423
7.61e+06,480,1
7.61e+06,490,1
7.61e+06,500,1
7.61e+06,510,1
7.61e+06,520,1
7.61e+06,530,1
7.61e+06,540,1
7.61e+06,550,1
7.61e+06,560,1
7.61e+06,570,1
7.61e+06,580,1
7.61e+06,590,1
7.71e+06,100,1e-07
7.71e+06,110,1e-07
7.71e+06,120,1e-07
7.71e+06,130,1e-07
7.71e+06,140,1e-07
7.71e+06,150,1e-07
7.71e+06,160,1e-07
7.71e+06,170,1e-07
7.71e+06,180,1e-07
7.71e+06,190,1e-07
7.71e+06,200,1e-07
7.71e+06,210,1e-07
7.71e+06,220,1e-07
7.71e+06,230,1e-07
7.71e+06,240,1e-07
7.71e+06,250,1e-07
7.71e+06,260,1e-07
7.71e+06,270,1e-07
7.71e+06,280,1e-07
7.71e+06,290,1e-07
7.71e+06,300,1e-07
7.71e+06,310,1e-08
7.71e+06,320,1e-08
7.71e+06,330,0.703008
7.71e+06,340,0.704473
7.71e+06,350,0.706557
7.71e+06,360,0.709447
7.71e+06,370,0.713375
7.71e+06,380,0.718626
7.71e+06,390,0.725548
7.71e+06,400,0.734566
7.71e+06,410,0.746209
7.71e+06,420,0.761138
7.71e+06,430,0.780201
7.71e+06,440,0.804499
7.71e+06,450,0.83551
7.71e+06,460,0.875263
7.71e+06,470,0.926637
7.71e+06,480,0.993873
7.71e+06,490,1
7.71e+06,500,1
7.71e+06,510,1
7.71e+06,520,1
7.71e+06,530,1
7.71e+06,540,1
7.71e+06,550,1
7.71e+06,560,1
7.71e+06,570,1
7.71e+06,580,1
7.71e+06,590,1
7.81e+06,100,1e-07
7.81e+06,110,1e-07
7.81e+06,120,1e-07
7.81e+06,130,1e-07
7.81e+06,140,1e-07
7.81e+06,150,1e-07
7.81e+06,160,1e-07
7.81e+06,170,1e-07
7.81e+06,180,1e-07
7.81e+06,190,1e-07
7.81e+06,200,1e-07
7.81e+06,210,1e-07
7.81e+06,220,1e-07
7.81e+06,230,1e-07
7.81e+06,240,1e-07
7.81e+06,250,1e-07
7.81e+06,260,1e-07
7.81e+06,270,1e-07
7.81e+06,280,1e-07
7.81e+06,290,1e-07
7.81e+06,300,1e-07
7.81e+06,310,1e-08
7.81e+06,320,1e-08
7.81e+06,330,0.703013
7.81e+06,340,0.704467
7.81e+06,350,0.706537
7.81e+06,360,0.709406
7.81e+06,370,0.713304
7.81e+06,380,0.718512
7.81e+06,390,0.725374
7.81e+06,400,0.734309
7.81e+06,410,0.74584
7.81e+06,420,0.760617
7.81e+06,430,0.779472
7.81e+06,440,0.803489
7.81e+06,450,0.834113
7.81e+06,460,0.873329
7.81e+06,470,0.923942
7.81e+06,480,0.990072
7.81e+06,490,1
7.81e+06,500,1
7.81e+06,510,1
7.81e+06,520,1
7.81e+06,530,1
7.81e+06,540,1
7.81e+06,550,1
7.81e+06,560,1
7.81e+06,570,1
7.81e+06,580,1
7.81e+06,590,1
7.91e+06,100,1e-07
7.91e+06,110,1e-07
7.91e+06,120,1e-07
7.91e+06,130,1e-07
7.91e+06,140,1e-07
7.91e+06,150,1e-07
7.91e+06,160,1e-07
7.91e+06,170,1e-07
7.91e+06,180,1e-07
7.91e+06,190,1e-07
7.91e+06,200,1e-07
7.91e+06,210,1e-07
7.91e+06,220,1e-07
7.91e+06,230,1e-07
7.91e+06,240,1e-07
7.91e+06,250,1e-07
7.91e+06,260,1e-07
7.91e+06,270,1e-07
7.91e+06,280,1e-07
7.91e+06,290,1e-07
7.91e+06,300,1e-07
7.91e+06,310,1e-08
7.91e+06,320,1e-08
7.91e+06,330,0.703018
7.91e+06,340,0.704462
7.91e+06,350,0.706518
7.91e+06,360,0.709366
7.91e+06,370,0.713235
7.91e+06,380,0.718401
7.91e+06,390,0.725205
7.91e+06,400,0.734061
7.91e+06,410,0.745482
7.91e+06,420,0.760111
7.91e+06,430,0.778765
7.91e+06,440,0.802509
7.91e+06,450,0.832759
7.91e+06,460,0.871455
7.91e+06,470,0.921334
7.91e+06,480,0.9864
7.91e+06,490,1
7.91e+06,500,1
7.91e+06,510,1
7.91e+06,520,1
7.91e+06,530,1
7.91e+06,540,1
7.91e+06,550,1
7.91e+06,560,1
7.91e+06,570,1
7.91e+06,580,1
7.91e+06,590,1
8.01e+06,100,1e-07
8.01e+06,110,1e-07
8.01e+06,120,1e-07
8.01e+06,130,1e-07
8.01e+06,140,1e-07
8.01e+06,150,1e-07
8.01e+06,160,1e-07
8.01e+06,170,1e-07
8.01e+06,180,1e-07
8.01e+06,190,1e-07
8.01e+06,200,1e-07
8.01e+06,210,1e-07
8.01e+06,220,1e-07
8.01e+06,230,1e-07
8.01e+06,240,1e-07
8.01e+06,250,1e-07
8.01e+06,260,1e-07
8.01e+06,270,1e-07
8.01e+06,280,1e-07
8.01e+06,290,1e-07
8.01e+06,300,1e-07
8.01e+06,310,1e-08
8.01e+06,320,1e-08
8.01e+06,330,0.703025
8.01e+06,340,0.704459
8.01e+06,350,0.7065
8.01e+06,360,0.709329
8.01e+06,370,0.713169
8.01e+06,380,0.718295
8.01e+06,390,0.725042
8.01e+06,400,0.73382
8.01e+06,410,0.745135
8.01e+06,420,0.75962
8.01e+06,430,0.778079
8.01e+06,440,0.801558
8.01e+06,450,0.831446
8.01e+06,460,0.869639
8.01e+06,470,0.918809
8.01e+06,480,0.98285
8.01e+06,490,1
8.01e+06,500,1
8.01e+06,510,1
8.01e+06,520,1
8.01e+06,530,1
8.01e+06,540,1
8.01e+06,550,1
8.01e+06,560,1
8.01e+06,570,1
8.01e+06,580,1
8.01e+06,590,1
8.11e+06,100,1e-07
8.11e+06,110,1e-07
8.11e+06,120,1e-07
8.11e+06,130,1e-07
8.11e+06,140,1e-07
8.11e+06,150,1e-07
8.11e+06,160,1e-07
8.11e+06,170,1e-07
8.11e+06,180,1e-07
8.11e+06,190,1e-07
8.11e+06,200,1e-07
8.11e+06,210,1e-07
8.11e+06,220,1e-07
8.11e+06,230,1e-07
8.11e+06,240,1e-07
8.11e+06,250,1e-07
8.11e+06,260,1e-07
8.11e+06,270,1e-07
8.11e+06,280,1e-07
8.11e+06,290,1e-07
8.11e+06,300,1e-07
8.11e+06,310,1e-08
8.11e+06,320,1e-08
8.11e+06,330,0.703033
8.11e+06,340,0.704457
8.11e+06,350,0.706484
8.11e+06,360,0.709294
8.11e+06,370,0.713106
8.11e+06,380,0.718193
8.11e+06,390,0.724885
8.11e+06,400,0.733587
8.11e+06,410,0.744799
8.11e+06,420,0.759144
8.11e+06,430,0.777414
8.11e+06,440,0.800636
8.11e+06,450,0.830172
8.11e+06,460,0.867879
8.11e+06,470,0.916364
8.11e+06,480,0.979417
8.11e+06,490,1
8.11e+06,500,1
8.11e+06,510,1
8.11e+06,520,1
8.11e+06,530,1
8.11e+06,540,1
8.11e+06,550,1
8.11e+06,560,1
8.11e+06,570,1
8.11e+06,580,1
8.11e+06,590,1
8.21e+06,100,1e-07
8.21e+06,110,1e-07
8.21e+06,120,1e-07
8.21e+06,130,1e-07
8.21e+06,140,1e-07
8.21e+06,150,1e-07
8.21e+06,160,1e-07
8.21e+06,170,1e-07
8.21e+06,180,1e-07
8.21e+06,190,1e-07
8.21e+06,200,1e-07
8.21e+06,210,1e-07
8.21e+06,220,1e-07
8.21e+06,230,1e-07
8.21e+06,240,1e-07
8.21e+06,250,1e-07
8.21e+06,260,1e-07
8.21e+06,270,1e-07
8.21e+06,280,1e-07
8.21e+06,290,1e-07
8.21e+06,300,1e-07
8.21e+06,310,1e-08
8.21e+06,320,1e-08
8.21e+06,330,0.703042
8.21e+06,340,0.704455
8.21e+06,350,0.70647
8.21e+06,360,0.70926
8.21e+06,370,0.713046
8.21e+06,380,0.718094
8.21e+06,390,0.724733
8.21e+06,400,0.733361
8.21e+06,410,0.744473
8.21e+06,420,0.758682
8.21e+06,430,0.776768
8.21e+06,440,0.79974
8.21e+06,450,0.828935
8.21e+06,460,0.866171
8.21e+06,470,0.913994
8.21e+06,480,0.976095
8.21e+06,490,1
8.21e+06,500,1
8.21e+06,510,1
8.21e+06,520,1
8.21e+06,530,1
8.21e+06,540,1
8.21e+06,550,1
8.21e+06,560,1
8.21e+06,570,1
8.21e+06,580,1
8.21e+06,590,1
8.31e+06,100,1e-07
8.31e+06,110,1e-07
8.31e+06,120,1e-07
8.31e+06,130,1e-07
8.31e+06,140,1e-07
8.31e+06,150,1e-07
8.31e+06,160,1e-07
8.31e+06,170,1e-07
8.31e+06,180,1e-07
8.31e+06,190,1e-07
8.31e+06,200,1e-07
8.31e+06,210,1e-07
8.31e+06,220,1e-07
8.31e+06,230,1e-07
8.31e+06,240,1e-07
8.31e+06,250,1e-07
8.31e+06,260,1e-07
8.31e+06,270,1e-07
8.31e+06,280,1e-07
8.31e+06,290,1e-07
8.31e+06,300,1e-07
8.31e+06,310,1e-08
8.31e+06,320,1e-08
8.31e+06,330,0.703053
8.31e+06,340,0.704456
8.31e+06,350,0.706457
8.31e+06,360,0.709229
8.31e+06,370,0.712988
8.31e+06,380,0.717999
8.31e+06,390,0.724586
8.31e+06,400,0.733143
8.31e+06,410,0.744157
8.31e+06,420,0.758233
8.31e+06,430,0.77614
8.31e+06,440,0.79887
8.31e+06,450,0.827735
8.31e+06,460,0.864515
8.31e+06,470,0.911697
8.31e+06,480,0.972878
8.31e+06,490,1
8.31e+06,500,1
8.31e+06,510,1
8.31e+06,520,1
8.31e+06,530,1
8.31e+06,540,1
8.31e+06,550,1
8.31e+06,560,1
8.31e+06,570,1
8.31e+06,580,1
8.31e+06,590,1
8.41e+06,100,1e-07
8.41e+06,110,1e-07
8.41e+06,120,1e-07
8.41e+06,130,1e-07
8.41e+06,140,1e-07
8.41e+06,150,1e-07
8.41e+06,160,1e-07
8.41e+06,170,1e-07
8.41e+06,180,1e-07
8.41e+06,190,1e-07
8.41e+06,200,1e-07
8.41e+06,210,1e-07
8.41e+06,220,1e-07
8.41e+06,230,1e-07
8.41e+06,240,1e-07
8.41e+06,250,1e-07
8.41e+06,260,1e-07
8.41e+06,270,1e-07
8.41e+06,280,1e-07
8.41e+06,290,1e-07
8.41e+06,300,1e-07
8.41e+06,310,1e-07
8.41e+06,320,1e-08
8.41e+06,330,0.703065
8.41e+06,340,0.704457
8.41e+06,350,0.706446
8.41e+06,360,0.7092
8.41e+06,370,0.712933
8.41e+06,380,0.717908
8.41e+06,390,0.724444
8.41e+06,400,0.732931
8.41e+06,410,0.74385
8.41e+06,420,0.757798
8.41e+06,430,0.775531
8.41e+06,440,0.798025
8.41e+06,450,0.826569
8.41e+06,460,0.862906
8.41e+06,470,0.90947
8.41e+06,480,0.969763
8.41e+06,490,1
8.41e+06,500,1
8.41e+06,510,1
8.41e+06,520,1
8.41e+06,530,1
8.41e+06,540,1
8.41e+06,550,1
8.41e+06,560,1
8.41e+06,570,1
8.41e+06,580,1
8.41e+06,590,1
8.51e+06,100,1e-07
8.51e+06,110,1e-07
8.51e+06,120,1e-07
8.51e+06,130,1e-07
8.51e+06,140,1e-07
8.51e+06,150,1e-07
8.51e+06,160,1e-07
8.51e+06,170,1e-07
8.51e+06,180,1e-07
8.51e+06,190,1e-07
8.51e+06,200,1e-07
8.51e+06,210,1e-07
8.51e+06,220,1e-07
8.51e+06,230,1e-07
8.51e+06,240,1e-07
8.51e+06,250,1e-07
8.51e+06,260,1e-07
8.51e+06,270,1e-07
8.51e+06,280,1e-07
8.51e+06,290,1e-07
8.51e+06,300,1e-07
8.51e+06,310,1e-07
8.51e+06,320,1e-08
8.51e+06,330,0.703078
8.51e+06,340,0.70446
8.51e+06,350,0.706436
8.51e+06,360,0.709172
8.51e+06,370,0.712881
8.51e+06,380,0.71782
8.51e+06,390,0.724306
8.51e+06,400,0.732726
8.51e+06,410,0.743552
8.51e+06,420,0.757375
8.51e+06,430,0.774939
8.51e+06,440,0.797204
8.51e+06,450,0.825436
8.51e+06,460,0.861345
8.51e+06,470,0.907308
8.51e+06,480,0.966745
8.51e+06,490,1
8.51e+06,500,1
8.51e+06,510,1
8.51e+06,520,1
8.51e+06,530,1
8.51e+06,540,1
8.51e+06,550,1
8.51e+06,560,1
8.51e+06,570,1
8.51e+06,580,1
8.51e+06,590,1
8.61e+06,100,1e-07
8.61e+06,110,1e-07
8.61e+06,120,1e-07
8.61e+06,130,1e-07
8.61e+06,140,1e-07
8.61e+06,150,1e-07
8.61e+06,160,1e-07
8.61e+06,170,1e-07
8.61e+06,180,1e-07
8.61e+06,190,1e-07
8.61e+06,200,1e-07
8.61e+06,210,1e-07
8.61e+06,220,1e-07
8.61e+06,230,1e-07
8.61e+06,240,1e-07
8.61e+06,250,1e-07
8.61e+06,260,1e-07
8.61e+06,270,1e-07
8.61e+06,280,1e-07
8.61e+06,290,1e-07
8.61e+06,300,1e-07
8.61e+06,310,1e-07
8.61e+06,320,1e-08
8.61e+06,330,0.703092
8.61e+06,340,0.704464
8.61e+06,350,0.706427
8.61e+06,360,0.709147
8.61e+06,370,0.71283
8.61e+06,380,0.717735
8.61e+06,390,0.724174
8.61e+06,400,0.732527
8.61e+06,410,0.743264
8.61e+06,420,0.756964
8.61e+06,430,0.774364
8.61e+06,440,0.796407
8.61e+06,450,0.824336
8.61e+06,460,0.859828
8.61e+06,470,0.905211
8.61e+06,480,0.963819
8.61e+06,490,1
8.61e+06,500,1
8.61e+06,510,1
8.61e+06,520,1
8.61e+06,530,1
8.61e+06,540,1
8.61e+06,550,1
8.61e+06,560,1
8.61e+06,570,1
8.61e+06,580,1
8.61e+06,590,1
8.71e+06,100,1e-07
8.71e+06,110,1e-07
8.71e+06,120,1e-07
8.71e+06,130,1e-07
8.71e+06,140,1e-07
8.71e+06,150,1e-07
8.71e+06,160,1e-07
8.71e+06,170,1e-07
8.71e+06,180,1e-07
8.71e+06,190,1e-07
8.71e+06,200,1e-07
8.71e+06,210,1e-07
8.71e+06,220,1e-07
8.71e+06,230,1e-07
8.71e+06,240,1e-07
8.71e+06,250,1e-07
8.71e+06,260,1e-07
8.71e+06,270,1e-07
8.71e+06,280,1e-07
8.71e+06,290,1e-07
8.71e+06,300,1e-07
8.71e+06,310,1e-07
8.71e+06,320,1e-08
8.71e+06,330,1e-08
8.71e+06,340,0.704469
8.71e+06,350,0.70642
8.71e+06,360,0.709123
8.71e+06,370,0.712783
8.71e+06,380,0.717654
8.71e+06,390,0.724046
8.71e+06,400,0.732335
8.71e+06,410,0.742983
8.71e+06,420,0.756565
8.71e+06,430,0.773804
8.71e+06,440,0.795631
8.71e+06,450,0.823266
8.71e+06,460,0.858355
8.71e+06,470,0.903175
8.71e+06,480,0.960982
8.71e+06,490,1
8.71e+06,500,1
8.71e+06,510,1
8.71e+06,520,1
8.71e+06,530,1
8.71e+06,540,1
8.71e+06,550,1
8.71e+06,560,1
8.71e+06,570,1
8.71e+06,580,1
8.71e+06,590,1
8.81e+06,100,1e-07
8.81e+06,110,1e-07
8.81e+06,120,1e-07
8.81e+06,130,1e-07
8.81e+06,140,1e-07
8.81e+06,150,1e-07
8.81e+06,160,1e-07
8.81e+06,170,1e-07
8.81e+06,180,1e-07
8.81e+06,190,1e-07
8.81e+06,200,1e-07
8.81e+06,210,1e-07
8.81e+06,220,1e-07
8.81e+06,230,1e-07
8.81e+06,240,1e-07
8.81e+06,250,1e-07
8.81e+06,260,1e-07
8.81e+06,270,1e-07
8.81e+06,280,1e-07
8.81e+06,290,1e-07
8.81e+06,300,1e-07
8.81e+06,310,1e-07
8.81e+06,320,1e-08
8.81e+06,330,1e-08
8.81e+06,340,0.704475
8.81e+06,350,0.706415
8.81e+06,360,0.709101
8.81e+06,370,0.712737
8.81e+06,380,0.717576
8.81e+06,390,0.723922
8.81e+06,400,0.732148
8.81e+06,410,0.742711
8.81e+06,420,0.756178
8.81e+06,430,0.773261
8.81e+06,440,0.794877
8.81e+06,450,0.822226
8.81e+06,460,0.856923
8.81e+06,470,0.901197
8.81e+06,480,0.958229
8.81e+06,490,1
8.81e+06,500,1
8.81e+06,510,1
8.81e+06,520,1
8.81e+06,530,1
8.81e+06,540,1
8.81e+06,550,1
8.81e+06,560,1
8.81e+06,570,1
8.81e+06,580,1
8.81e+06,590,1
8.91e+06,100,1e-07
8.91e+06,110,1e-07
8.91e+06,120,1e-07
8.91e+06,130,1e-07
8.91e+06,140,1e-07
8.91e+06,150,1e-07
8.91e+06,160,1e-07
8.91e+06,170,1e-07
8.91e+06,180,1e-07
8.91e+06,190,1e-07
8.91e+06,200,1e-07
8.91e+06,210,1e-07
8.91e+06,220,1e-07
8.91e+06,230,1e-07
8.91e+06,240,1e-07
8.91e+06,250,1e-07
8.91e+06,260,1e-07
8.91e+06,270,1e-07
8.91e+06,280,1e-07
8.91e+06,290,1e-07
8.91e+06,300,1e-07
8.91e+06,310,1e-07
8.91e+06,320,1e-08
8.91e+06,330,1e-08
8.91e+06,340,0.704483
8.91e+06,350,0.70641
8.91e+06,360,0.70908
8.91e+06,370,0.712694
8.91e+06,380,0.717501
8.91e+06,390,0.723802
8.91e+06,400,0.731967
8.91e+06,410,0.742447
8.91e+06,420,0.755801
8.91e+06,430,0.772732
8.91e+06,440,0.794143
8.91e+06,450,0.821214
8.91e+06,460,0.85553
8.91e+06,470,0.899275
8.91e+06,480,0.955558
8.91e+06,490,1
8.91e+06,500,1
8.91e+06,510,1
8.91e+06,520,1
8.91e+06,530,1
8.91e+06,540,1
8.91e+06,550,1
8.91e+06,560,1
8.91e+06,570,1
8.91e+06,580,1
8.91e+06,590,1
9.01e+06,100,1e-07
9.01e+06,110,1e-07
9.01e+06,120,1e-07
9.01e+06,130,1e-07
9.01e+06,140,1e-07
9.01e+06,150,1e-07
9.01e+06,160,1e-07
9.01e+06,170,1e-07
9.01e+06,180,1e-07
9.01e+06,190,1e-07
9.01e+06,200,1e-07
9.01e+06,210,1e-07
9.01e+06,220,1e-07
9.01e+06,230,1e-07
9.01e+06,240,1e-07
9.01e+06,250,1e-07
9.01e+06,260,1e-07
9.01e+06,270,1e-07
9.01e+06,280,1e-07
9.01e+06,290,1e-07
9.01e+06,300,1e-07
9.01e+06,310,1e-07
9.01e+06,320,1e-08
9.01e+06,330,1e-08
9.01e+06,340,0.704491
9.01e+06,350,0.706407
9.01e+06,360,0.709061
9.01e+06,370,0.712653
9.01e+06,380,0.717429
9.01e+06,390,0.723687
9.01e+06,400,0.731792
9.01e+06,410,0.742191
9.01e+06,420,0.755434
9.01e+06,430,0.772218
9.01e+06,440,0.793429
9.01e+06,450,0.82023
9.01e+06,460,0.854176
9.01e+06,470,0.897408
9.01e+06,480,0.952964
9.01e+06,490,1
9.01e+06,500,1
9.01e+06,510,1
9.01e+06,520,1
9.01e+06,530,1
9.01e+06,540,1
9.01e+06,550,1
9.01e+06,560,1
9.01e+06,570,1
9.01e+06,580,1
9.01e+06,590,1
9.11e+06,100,1e-07
9.11e+06,110,1e-07
9.11e+06,120,1e-07
9.11e+06,130,1e-07
9.11e+06,140,1e-07
9.11e+06,150,1e-07
9.11e+06,160,1e-07
9.11e+06,170,1e-07
9.11e+06,180,1e-07
9.11e+06,190,1e-07
9.11e+06,200,1e-07
9.11e+06,210,1e-07
9.11e+06,220,1e-07
9.11e+06,230,1e-07
9.11e+06,240,1e-07
9.11e+06,250,1e-07
9.11e+06,260,1e-07
9.11e+06,270,1e-07
9.11e+06,280,1e-07
9.11e+06,290,1e-07
9.11e+06,300,1e-07
9.11e+06,310,1e-07
9.11e+06,320,1e-08
9.11e+06,330,1e-08
9.11e+06,340,0.704501
9.11e+06,350,0.706405
9.11e+06,360,0.709044
9.11e+06,370,0.712614
9.11e+06,380,0.717359
9.11e+06,390,0.723575
9.11e+06,400,0.731622
9.11e+06,410,0.741942
9.11e+06,420,0.755078
9.11e+06,430,0.771718
9.11e+06,440,0.792735
9.11e+06,450,0.819272
9.11e+06,460,0.852859
9.11e+06,470,0.895593
9.11e+06,480,0.950445
9.11e+06,490,1
9.11e+06,500,1
9.11e+06,510,1
9.11e+06,520,1
9.11e+06,530,1
9.11e+06,540,1
9.11e+06,550,1
9.11e+06,560,1
9.11e+06,570,1
9.11e+06,580,1
9.11e+06,590,1
9.21e+06,100,1e-07
9.21e+06,110,1e-07
9.21e+06,120,1e-07
9.21e+06,130,1e-07
9.21e+06,140,1e-07
9.21e+06,150,1e-07
9.21e+06,160,1e-07
9.21e+06,170,1e-07
9.21e+06,180,1e-07
9.21e+06,190,1e-07
9.21e+06,200,1e-07
9.21e+06,210,1e-07
9.21e+06,220,1e-07
9.21e+06,230,1e-07
9.21e+06,240,1e-07
9.21e+06,250,1e-07
9.21e+06,260,1e-07
9.21e+06,270,1e-07
9.21e+06,280,1e-07
9.21e+06,290,1e-07
9.21e+06,300,1e-07
9.21e+06,310,1e-07
9.21e+06,320,1e-08
9.21e+06,330,1e-08
9.21e+06,340,0.704512
9.21e+06,350,0.706405
9.21e+06,360,0.709029
9.21e+06,370,0.712578
9.21e+06,380,0.717293
9.21e+06,390,0.723467
9.21e+06,400,0.731458
9.21e+06,410,0.7417
9.21e+06,420,0.754732
9.21e+06,430,0.771231
9.21e+06,440,0.792058
9.21e+06,450,0.81834
9.21e+06,460,0.851577
9.21e+06,470,0.893827
9.21e+06,480,0.947997
9.21e+06,490,1
9.21e+06,500,1
9.21e+06,510,1
9.21e+06,520,1
9.21e+06,530,1
9.21e+06,540,1
9.21e+06,550,1
9.21e+06,560,1
9.21e+06,570,1
9.21e+06,580,1
9.21e+06,590,1
9.31e+06,100,1e-07
9.31e+06,110,1e-07
9.31e+06,120,1e-07
9.31e+06,130,1e-07
9.31e+06,140,1e-07
9.31e+06,150,1e-07
9.31e+06,160,1e-07
9.31e+06,170,1e-07
9.31e+06,180,1e-07
9.31e+06,190,1e-07
9.31e+06,200,1e-07
9.31e+06,210,1e-07
9.31e+06,220,1e-07
9.31e+06,230,1e-07
9.31e+06,240,1e-07
9.31e+06,250,1e-07
9.31e+06,260,1e-07
9.31e+06,270,1e-07
9.31e+06,280,1e-07
9.31e+06,290,1e-07
9.31e+06,300,1e-07
9.31e+06,310,1e-07
9.31e+06,320,1e-08
9.31e+06,330,1e-08
9.31e+06,340,0.704525
9.31e+06,350,0.706406
9.31e+06,360,0.709014
9.31e+06,370,0.712543
9.31e+06,380,0.717229
9.31e+06,390,0.723363
9.31e+06,400,0.731298
9.31e+06,410,0.741465
9.31e+06,420,0.754396
9.31e+06,430,0.770757
9.31e+06,440,0.7914
9.31e+06,450,0.817432
9.31e+06,460,0.850329
9.31e+06,470,0.892109
9.31e+06,480,0.945618
9.31e+06,490,1
9.31e+06,500,1
9.31e+06,510,1
9.31e+06,520,1
9.31e+06,530,1
9.31e+06,540,1
9.31e+06,550,1
9.31e+06,560,1
9.31e+06,570,1
9.31e+06,580,1
9.31e+06,590,1
9.41e+06,100,1e-07
9.41e+06,110,1e-07
9.41e+06,120,1e-07
9.41e+06,130,1e-07
9.41e+06,140,1e-07
9.41e+06,150,1e-07
9.41e+06,160,1e-07
9.41e+06,170,1e-07
9.41e+06,180,1e-07
9.41e+06,190,1e-07
9.41e+06,200,1e-07
9.41e+06,210,1e-07
9.41e+06,220,1e-07
9.41e+06,230,1e-07
9.41e+06,240,1e-07
9.41e+06,250,1e-07
9.41e+06,260,1e-07
9.41e+06,270,1e-07
9.41e+06,280,1e-07
9.41e+06,290,1e-07
9.41e+06,300,1e-07
9.41e+06,310,1e-07
9.41e+06,320,1e-08
9.41e+06,330,1e-08
9.41e+06,340,0.704538
9.41e+06,350,0.706408
9.41e+06,360,0.709002
9.41e+06,370,0.71251
9.41e+06,380,0.717168
9.41e+06,390,0.723263
9.41e+06,400,0.731144
9.41e+06,410,0.741237
9.41e+06,420,0.754068
9.41e+06,430,0.770296
9.41e+06,440,0.790759
9.41e+06,450,0.816549
9.41e+06,460,0.849115
9.41e+06,470,0.890438
9.41e+06,480,0.943305
9.41e+06,490,1
9.41e+06,500,1
9.41e+06,510,1
9.41e+06,520,1
9.41e+06,530,1
9.41e+06,540,1
9.41e+06,550,1
9.41e+06,560,1
9.41e+06,570,1
9.41e+06,580,1
9.41e+06,590,1
9.51e+06,100,1e-07
9.51e+06,110,1e-07
9.51e+06,120,1e-07
9.51e+06,130,1e-07
9.51e+06,140,1e-07
9.51e+06,150,1e-07
9.51e+06,160,1e-07
9.51e+06,170,1e-07
9.51e+06,180,1e-07
9.51e+06,190,1e-07
9.51e+06,200,1e-07
9.51e+06,210,1e-07
9.51e+06,220,1e-07
9.51e+06,230,1e-07
9.51e+06,240,1e-07
9.51e+06,250,1e-07
9.51e+06,260,1e-07
9.51e+06,270,1e-07
9.51e+06,280,1e-07
9.51e+06,290,1e-07
9.51e+06,300,1e-07
9.51e+06,310,1e-07
9.51e+06,320,1e-08
9.51e+06,330,1e-08
9.51e+06,340,0.704553
9.51e+06,350,0.706411
9.51e+06,360,0.708991
9.51e+06,370,0.712479
9.51e+06,380,0.71711
9.51e+06,390,0.723166
9.51e+06,400,0.730994
9.51e+06,410,0.741015
9.51e+06,420,0.75375
9.51e+06,430,0.769847
9.51e+06,440,0.790135
9.51e+06,450,0.815688
9.51e+06,460,0.847932
9.51e+06,470,0.888811
9.51e+06,480,0.941056
9.51e+06,490,1
9.51e+06,500,1
9.51e+06,510,1
9.51e+06,520,1
9.51e+06,530,1
9.51e+06,540,1
9.51e+06,550,1
9.51e+06,560,1
9.51e+06,570,1
9.51e+06,580,1
9.51e+06,590,1
9.61e+06,100,1e-07
9.61e+06,110,1e-07
9.61e+06,120,1e-07
9.61e+06,130,1e-07
9.61e+06,140,1e-07
9.61e+06,150,1e-07
9.61e+06,160,1e-07
9.61e+06,170,1e-07
9.61e+06,180,1e-07
9.61e+06,190,1e-07
9.61e+06,200,1e-07
9.61e+06,210,1e-07
9.61e+06,220,1e-07
9.61e+06,230,1e-07
9.61e+06,240,1e-07
9.61e+06,250,1e-07
9.61e+06,260,1e-07
9.61e+06,270,1e-07
9.61e+06,280,1e-07
9.61e+06,290,1e-07
9.61e+06,300,1e-07
9.61e+06,310,1e-07
9.61e+06,320,1e-08
9.61e+06,330,1e-08
9.61e+06,340,0.704569
9.61e+06,350,0.706415
9.61e+06,360,0.708981
9.61e+06,370,0.71245
9.61e+06,380,0.717054
9.61e+06,390,0.723073
9.61e+06,400,0.730849
9.61e+06,410,0.7408
9.61e+06,420,0.75344
9.61e+06,430,0.76941
9.61e+06,440,0.789527
9.61e+06,450,0.814849
9.61e+06,460,0.846779
9.61e+06,470,0.887228
9.61e+06,480,0.938867
9.61e+06,490,1
9.61e+06,500,1
9.61e+06,510,1
9.61e+06,520,1
9.61e+06,530,1
9.61e+06,540,1
9.61e+06,550,1
9.61e+06,560,1
9.61e+06,570,1
9.61e+06,580,1
9.61e+06,590,1
9.71e+06,100,1e-07
9.71e+06,110,1e-07
9.71e+06,120,1e-07
9.71e+06,130,1e-07
9.71e+06,140,1e-07
9.71e+06,150,1e-07
9.71e+06,160,1e-07
9.71e+06,170,1e-07
9.71e+06,180,1e-07
9.71e+06,190,1e-07
9.71e+06,200,1e-07
9.71e+06,210,1e-07
9.71e+06,220,1e-07
9.71e+06,230,1e-07
9.71e+06,240,1e-07
9.71e+06,250,1e-07
9.71e+06,260,1e-07
9.71e+06,270,1e-07
9.71e+06,280,1e-07
9.71e+06,290,1e-07
9.71e+06,300,1e-07
9.71e+06,310,1e-07
9.71e+06,320,1e-08
9.71e+06,330,1e-08
9.71e+06,340,0.704586
9.71e+06,350,0.706421
9.71e+06,360,0.708973
9.71e+06,370,0.712423
9.71e+06,380,0.717
9.71e+06,390,0.722982
9.71e+06,400,0.730708
9.71e+06,410,0.740591
9.71e+06,420,0.753138
9.71e+06,430,0.768984
9.71e+06,440,0.788934
9.71e+06,450,0.814032
9.71e+06,460,0.845657
9.71e+06,470,0.885685
9.71e+06,480,0.936737
9.71e+06,490,1
9.71e+06,500,1
9.71e+06,510,1
9.71e+06,520,1
9.71e+06,530,1
9.71e+06,540,1
9.71e+06,550,1
9.71e+06,560,1
9.71e+06,570,1
9.71e+06,580,1
9.71e+06,590,1
9.81e+06,100,1e-07
9.81e+06,110,1e-07
9.81e+06,120,1e-07
9.81e+06,130,1e-07
9.81e+06,140,1e-07
9.81e+06,150,1e-07
9.81e+06,160,1e-07
9.81e+06,170,1e-07
9.81e+06,180,1e-07
9.81e+06,190,1e-07
9.81e+06,200,1e-07
9.81e+06,210,1e-07
9.81e+06,220,1e-07
9.81e+06,230,1e-07
9.81e+06,240,1e-07
9.81e+06,250,1e-07
9.81e+06,260,1e-07
9.81e+06,270,1e-07
9.81e+06,280,1e-07
9.81e+06,290,1e-07
9.81e+06,300,1e-07
9.81e+06,310,1e-07
9.81e+06,320,1e-08
9.81e+06,330,1e-08
9.81e+06,340,0.704605
9.81e+06,350,0.706428
9.81e+06,360,0.708966
9.81e+06,370,0.712398
9.81e+06,380,0.716949
9.81e+06,390,0.722895
9.81e+06,400,0.730572
9.81e+06,410,0.740388
9.81e+06,420,0.752845
9.81e+06,430,0.76857
9.81e+06,440,0.788357
9.81e+06,450,0.813235
9.81e+06,460,0.844563
9.81e+06,470,0.884182
9.81e+06,480,0.934664
9.81e+06,490,1
9.81e+06,500,1
9.81e+06,510,1
9.81e+06,520,1
9.81e+06,530,1
9.81e+06,540,1
9.81e+06,550,1
9.81e+06,560,1
9.81e+06,570,1
9.81e+06,580,1
9.81e+06,590,1
9.91e+06,100,1e-07
9.91e+06,110,1e-07
9.91e+06,120,1e-07
9.91e+06,130,1e-07
9.91e+06,140,1e-07
9.91e+06,150,1e-07
9.91e+06,160,1e-07
9.91e+06,170,1e-07
9.91e+06,180,1e-07
9.91e+06,190,1e-07
9.91e+06,200,1e-07
9.91e+06,210,1e-07
9.91e+06,220,1e-07
9.91e+06,230,1e-07
9.91e+06,240,1e-07
9.91e+06,250,1e-07
9.91e+06,260,1e-07
9.91e+06,270,1e-07
9.91e+06,280,1e-07
9.91e+06,290,1e-07
9.91e+06,300,1e-07
9.91e+06,310,1e-07
9.91e+06,320,1e-08
9.91e+06,330,1e-08
9.91e+06,340,0.704624
9.91e+06,350,0.706436
9.91e+06,360,0.708961
9.91e+06,370,0.712374
9.91e+06,380,0.7169
9.91e+06,390,0.722812
9.91e+06,400,0.73044
9.91e+06,410,0.74019
9.91e+06,420,0.752559
9.91e+06,430,0.768166
9.91e+06,440,0.787794
9.91e+06,450,0.812458
9.91e+06,460,0.843496
9.91e+06,470,0.882718
9.91e+06,480,0.932646
9.91e+06,490,0.9969
9.91e+06,500,1
9.91e+06,510,1
9.91e+06,520,1
9.91e+06,530,1
9.91e+06,540,1
9.91e+06,550,1
9.91e+06,560,1
9.91e+06,570,1
9.91e+06,580,1
9.91e+06,590,1
